ticker,target_date,abnormal_return,sentiment_score,article_count,label,news_event
ACB,2022-10-03,1.0539747253090148,0.0,2.0,neutral,1
ACB,2022-10-04,-2.0936237578999597,,0.0,no_news,0
ACB,2022-10-05,-3.2341153855995053,,0.0,no_news,0
ACB,2022-10-06,-1.4323992852284788,,0.0,no_news,0
ACB,2022-10-07,-3.5466140985739005,,0.0,no_news,0
ACB,2022-10-10,-0.30729763720926967,,0.0,no_news,0
ACB,2022-10-11,-3.3599475054488495,,0.0,no_news,0
ACB,2022-10-12,3.9989605736635165,,0.0,no_news,0
ACB,2022-10-13,4.961369779055455,,0.0,no_news,0
ACB,2022-10-14,3.368859176580346,,0.0,no_news,0
ACB,2022-10-17,1.361759140550894,0.0,1.0,neutral,1
ACB,2022-10-18,1.0442465689331781,,0.0,no_news,0
ACB,2022-10-19,-1.1071996944991227,,0.0,no_news,0
ACB,2022-10-20,1.327589853444655,,0.0,no_news,0
ACB,2022-10-21,-1.0718786678116885,,0.0,no_news,0
ACB,2022-10-24,-1.4258495223332899,0.0,1.0,neutral,1
ACB,2022-10-25,3.436951719259718,-1.0,1.0,negative,1
ACB,2022-10-26,1.5396438975356004,,0.0,no_news,0
ACB,2022-10-27,3.3221418037735817,,0.0,no_news,0
ACB,2022-10-28,1.1910517506282345,,0.0,no_news,0
ACB,2022-10-31,0.36060320429255943,,0.0,no_news,0
AMD,2022-10-03,-0.3753872026380858,,0.0,no_news,0
AMD,2022-10-04,0.5748733844185516,,0.0,no_news,0
AMD,2022-10-05,-2.8805718885755858,,0.0,no_news,0
AMD,2022-10-06,-1.0792493975983284,,0.0,no_news,0
AMD,2022-10-07,-0.7682502435801268,,0.0,no_news,0
AMD,2022-10-10,-2.4241804042296344,,0.0,no_news,0
AMD,2022-10-11,-0.8385319741222306,,0.0,no_news,0
AMD,2022-10-12,-1.9403693731584464,,0.0,no_news,0
AMD,2022-10-13,5.067392439423739,,0.0,no_news,0
AMD,2022-10-14,5.426580231501848,,0.0,no_news,0
AMD,2022-10-17,8.668343876916065,,0.0,no_news,0
AMD,2022-10-18,1.4828769619223352,,0.0,no_news,0
AMD,2022-10-19,-5.845147969542889,0.0,1.0,neutral,1
AMD,2022-10-20,-5.941129205127328,,0.0,no_news,0
AMD,2022-10-21,-0.3775719593919362,,0.0,no_news,0
AMD,2022-10-24,-1.380442995178865,,0.0,no_news,0
AMD,2022-10-25,4.484682281884452,,0.0,no_news,0
AMD,2022-10-26,-0.2182219825108933,,0.0,no_news,0
AMD,2022-10-27,1.6412039032393846,,0.0,no_news,0
AMD,2022-10-28,-0.7041650960751722,,0.0,no_news,0
AMD,2022-10-31,-4.766112512703589,,0.0,no_news,0
BID,2022-10-03,-1.485177120838789,,0.0,no_news,0
BID,2022-10-04,-0.8255394671154088,,0.0,no_news,0
BID,2022-10-05,-1.0087280364128324,,0.0,no_news,0
BID,2022-10-06,1.192478088184136,,0.0,no_news,0
BID,2022-10-07,-0.9715858425924466,,0.0,no_news,0
BID,2022-10-10,1.6305037325106102,,0.0,no_news,0
BID,2022-10-11,-0.241943009354312,,0.0,no_news,0
BID,2022-10-12,2.5214582233441254,,0.0,no_news,0
BID,2022-10-13,4.0148849799583655,-1.0,1.0,negative,1
BID,2022-10-14,0.08832314953290177,,0.0,no_news,0
BID,2022-10-17,0.319087068911451,,0.0,no_news,0
BID,2022-10-18,-1.4843892664420155,,0.0,no_news,0
BID,2022-10-19,0.9657340459063436,,0.0,no_news,0
BID,2022-10-20,0.520836963463452,,0.0,no_news,0
BID,2022-10-21,3.4245678226239393,0.0,1.0,neutral,1
BID,2022-10-24,-2.5584660289300913,,0.0,no_news,0
BID,2022-10-25,1.3048112888194483,0.0,1.0,neutral,1
BID,2022-10-26,1.7466995790731255,0.0,1.0,neutral,1
BID,2022-10-27,1.695573436556768,,0.0,no_news,0
BID,2022-10-28,-0.3643523828449923,0.0,1.0,neutral,1
BID,2022-10-31,1.9986722544750086,0.0,1.0,neutral,1
BIG,2022-10-03,-4.31855368753552,,0.0,no_news,0
BIG,2022-10-04,-2.9626551434446657,,0.0,no_news,0
BIG,2022-10-05,0.5249333661183986,,0.0,no_news,0
BIG,2022-10-06,2.2565297197397047,,0.0,no_news,0
BIG,2022-10-07,14.521239240733202,,0.0,no_news,0
BIG,2022-10-10,-1.4752707667558422,,0.0,no_news,0
BIG,2022-10-11,4.0648372342958705,,0.0,no_news,0
BIG,2022-10-12,6.312255994329195,,0.0,no_news,0
BIG,2022-10-13,8.495371305446024,,0.0,no_news,0
BIG,2022-10-14,2.705466112015024,,0.0,no_news,0
BIG,2022-10-17,4.709767688836867,,0.0,no_news,0
BIG,2022-10-18,-0.6491620548307204,,0.0,no_news,0
BIG,2022-10-19,-5.488641674221261,,0.0,no_news,0
BIG,2022-10-20,-15.87411410115314,,0.0,no_news,0
BIG,2022-10-21,-1.6783586641520294,,0.0,no_news,0
BIG,2022-10-24,2.37666847030675,,0.0,no_news,0
BIG,2022-10-25,-3.3136109744556945,,0.0,no_news,0
BIG,2022-10-26,4.68781089264918,,0.0,no_news,0
BIG,2022-10-27,0.8807066808871755,,0.0,no_news,0
BIG,2022-10-28,3.540721273169941,,0.0,no_news,0
BIG,2022-10-31,-8.553849652927866,,0.0,no_news,0
CEN,2022-10-03,-2.784253208903829,,0.0,no_news,0
CEN,2022-10-04,-5.597334188444485,,0.0,no_news,0
CEN,2022-10-05,0.9463784942773925,,0.0,no_news,0
CEN,2022-10-06,-7.249381124913093,,0.0,no_news,0
CEN,2022-10-07,-9.605861412452981,,0.0,no_news,0
CEN,2022-10-10,1.7033850949295966,,0.0,no_news,0
CEN,2022-10-11,-6.825347053311102,,0.0,no_news,0
CEN,2022-10-12,1.6716016381660528,,0.0,no_news,0
CEN,2022-10-13,-1.5196014852282387,,0.0,no_news,0
CEN,2022-10-14,7.792191442892149,0.0,1.0,neutral,1
CEN,2022-10-17,3.485989596363194,,0.0,no_news,0
CEN,2022-10-18,10.509132173814475,,0.0,no_news,0
CEN,2022-10-19,-6.866065712951384,,0.0,no_news,0
CEN,2022-10-20,-1.5115598443853595,,0.0,no_news,0
CEN,2022-10-21,-3.710650800708451,,0.0,no_news,0
CEN,2022-10-24,-7.300142411808407,,0.0,no_news,0
CEN,2022-10-25,1.3416821051539334,,0.0,no_news,0
CEN,2022-10-26,3.151904636121656,,0.0,no_news,0
CEN,2022-10-27,0.8367279362695732,,0.0,no_news,0
CEN,2022-10-28,0.3640760767575653,,0.0,no_news,0
CEN,2022-10-31,-4.321785489851224,,0.0,no_news,0
CTG,2022-10-03,-1.3365794701305553,,0.0,no_news,0
CTG,2022-10-04,-3.0556450773033745,,0.0,no_news,0
CTG,2022-10-05,2.344530720198299,,0.0,no_news,0
CTG,2022-10-06,1.087622499212324,0.0,1.0,neutral,1
CTG,2022-10-07,-1.8744242017319195,,0.0,no_news,0
CTG,2022-10-10,2.7379850806577197,,0.0,no_news,0
CTG,2022-10-11,0.507477327528802,,0.0,no_news,0
CTG,2022-10-12,2.4968325555253923,,0.0,no_news,0
CTG,2022-10-13,3.3707137720501112,,0.0,no_news,0
CTG,2022-10-14,-0.2540688691576014,,0.0,no_news,0
CTG,2022-10-17,0.6441728652931612,,0.0,no_news,0
CTG,2022-10-18,0.22258299970511475,,0.0,no_news,0
CTG,2022-10-19,1.3214388816631004,,0.0,no_news,0
CTG,2022-10-20,0.3377825552356256,,0.0,no_news,0
CTG,2022-10-21,-1.8957945440395676,,0.0,no_news,0
CTG,2022-10-24,1.7092550664268882,,0.0,no_news,0
CTG,2022-10-25,4.855011899678254,,0.0,no_news,0
CTG,2022-10-26,0.30999914288804703,0.0,1.0,neutral,1
CTG,2022-10-27,1.6837124847040137,,0.0,no_news,0
CTG,2022-10-28,0.40866828380849707,,0.0,no_news,0
CTG,2022-10-31,2.067207056577118,,0.0,no_news,0
DGC,2022-10-03,1.6127554755910865,,0.0,no_news,0
DGC,2022-10-04,1.7073036356031117,,0.0,no_news,0
DGC,2022-10-05,-0.18078279491309956,,0.0,no_news,0
DGC,2022-10-06,-2.582063571147075,,0.0,no_news,0
DGC,2022-10-07,-0.28526969930858126,,0.0,no_news,0
DGC,2022-10-10,5.8108665803745145,,0.0,no_news,0
DGC,2022-10-11,2.6040499892312483,,0.0,no_news,0
DGC,2022-10-12,1.4455951983838284,,0.0,no_news,0
DGC,2022-10-13,-0.39957381709455797,,0.0,no_news,0
DGC,2022-10-14,3.9664385252996373,,0.0,no_news,0
DGC,2022-10-17,5.679392176823535,0.0,1.0,neutral,1
DGC,2022-10-18,-3.7048133337479223,,0.0,no_news,0
DGC,2022-10-19,0.6080686138130137,,0.0,no_news,0
DGC,2022-10-20,-3.4373457938006533,1.0,1.0,positive,1
DGC,2022-10-21,-1.1235011843881262,,0.0,no_news,0
DGC,2022-10-24,5.294928874119297,,0.0,no_news,0
DGC,2022-10-25,0.9083531020973967,,0.0,no_news,0
DGC,2022-10-26,2.4813627607453776,1.0,1.0,positive,1
DGC,2022-10-27,-1.917661518063781,,0.0,no_news,0
DGC,2022-10-28,-1.8841764098089766,,0.0,no_news,0
DGC,2022-10-31,-0.664160777753353,,0.0,no_news,0
DIG,2022-10-03,0.2831544049713184,,0.0,no_news,0
DIG,2022-10-04,-0.9858386727656157,,0.0,no_news,0
DIG,2022-10-05,1.5704384062473773,0.0,1.0,neutral,1
DIG,2022-10-06,0.7061420195695298,,0.0,no_news,0
DIG,2022-10-07,4.253499872703129,,0.0,no_news,0
DIG,2022-10-10,-1.4769690594030973,,0.0,no_news,0
DIG,2022-10-11,-0.7868354427217952,,0.0,no_news,0
DIG,2022-10-12,-4.551807953341571,,0.0,no_news,0
DIG,2022-10-13,-0.1277554826212306,,0.0,no_news,0
DIG,2022-10-14,-0.6092499238248252,,0.0,no_news,0
DIG,2022-10-17,-2.2870368821851903,0.0,1.0,neutral,1
DIG,2022-10-18,4.893593348983456,0.0,1.0,neutral,1
DIG,2022-10-19,0.40088629239277174,,0.0,no_news,0
DIG,2022-10-20,-2.6311370978961763,,0.0,no_news,0
DIG,2022-10-21,-0.3914297732518355,,0.0,no_news,0
DIG,2022-10-24,-0.9436860822982771,,0.0,no_news,0
DIG,2022-10-25,-8.940995664016373,,0.0,no_news,0
DIG,2022-10-26,-6.114021120473068,,0.0,no_news,0
DIG,2022-10-27,-1.9724451621487984,,0.0,no_news,0
DIG,2022-10-28,-3.7971525698396147,,0.0,no_news,0
DIG,2022-10-31,-6.95255068065427,,0.0,no_news,0
DNP,2022-10-03,-8.772055198753124,,0.0,no_news,0
DNP,2022-10-04,6.644556326970574,,0.0,no_news,0
DNP,2022-10-05,3.152381354185464,,0.0,no_news,0
DNP,2022-10-07,-0.0683992904597178,,0.0,no_news,0
DNP,2022-10-10,-2.025081429441816,,0.0,no_news,0
DNP,2022-10-11,-0.4685573806124359,,0.0,no_news,0
DNP,2022-10-12,-1.6523559223433513,,0.0,no_news,0
DNP,2022-10-13,-0.03976778597110855,,0.0,no_news,0
DNP,2022-10-14,-3.78528456371353,,0.0,no_news,0
DNP,2022-10-17,1.2095420635166252,,0.0,no_news,0
DNP,2022-10-18,0.37552055833643944,,0.0,no_news,0
DNP,2022-10-19,-0.050150140000582266,,0.0,no_news,0
DNP,2022-10-20,-0.049132828824444454,,0.0,no_news,0
DNP,2022-10-21,-0.0687210811564144,,0.0,no_news,0
DNP,2022-10-24,-0.06673946483363721,,0.0,no_news,0
DNP,2022-10-25,-6.052286921214465,,0.0,no_news,0
DNP,2022-10-26,5.542167399666903,,0.0,no_news,0
DNP,2022-10-27,-0.029453176980602017,,0.0,no_news,0
DNP,2022-10-28,-0.46792785575786794,,0.0,no_news,0
DNP,2022-10-31,-0.04798239088811616,1.0,1.0,positive,1
DXG,2022-10-03,0.15369651387466554,,0.0,no_news,0
DXG,2022-10-04,-5.28980955607777,,0.0,no_news,0
DXG,2022-10-05,2.6460630826076894,,0.0,no_news,0
DXG,2022-10-06,-2.203514893565571,,0.0,no_news,0
DXG,2022-10-07,-0.6165112120199394,,0.0,no_news,0
DXG,2022-10-10,0.39261553117351455,,0.0,no_news,0
DXG,2022-10-11,-0.9753809192051142,,0.0,no_news,0
DXG,2022-10-12,-0.09718983072150333,,0.0,no_news,0
DXG,2022-10-13,-0.8912006427383614,,0.0,no_news,0
DXG,2022-10-14,-0.6397606795314174,,0.0,no_news,0
DXG,2022-10-17,-2.38331448226066,0.0,1.0,neutral,1
DXG,2022-10-18,4.393738618464269,,0.0,no_news,0
DXG,2022-10-19,-0.16156983256983937,,0.0,no_news,0
DXG,2022-10-20,-3.4703393594910077,,0.0,no_news,0
DXG,2022-10-21,-0.5426717060379094,,0.0,no_news,0
DXG,2022-10-24,-0.9652621700852704,,0.0,no_news,0
DXG,2022-10-25,-8.877497634583804,0.0,1.0,neutral,1
DXG,2022-10-26,-6.195688643118445,,0.0,no_news,0
DXG,2022-10-27,0.8436253629968151,,0.0,no_news,0
DXG,2022-10-28,5.2343258314290235,,0.0,no_news,0
DXG,2022-10-31,3.7577980069874957,,0.0,no_news,0
EIB,2022-10-03,-2.249656825855972,,0.0,no_news,0
EIB,2022-10-04,-2.4888376458397112,,0.0,no_news,0
EIB,2022-10-05,6.203523287771712,0.0,1.0,neutral,1
EIB,2022-10-06,6.3724928165303085,0.0,1.0,neutral,1
EIB,2022-10-07,1.0362220053734832,0.0,1.0,neutral,1
EIB,2022-10-10,-0.2639800813519638,,0.0,no_news,0
EIB,2022-10-11,-0.18414476175204803,,0.0,no_news,0
EIB,2022-10-12,-0.585936446567342,,0.0,no_news,0
EIB,2022-10-13,1.7388449341011796,,0.0,no_news,0
EIB,2022-10-14,-2.7532656093867285,,0.0,no_news,0
EIB,2022-10-17,0.26533984191066984,,0.0,no_news,0
EIB,2022-10-18,-0.33959247789875846,,0.0,no_news,0
EIB,2022-10-19,0.004546019385453737,,0.0,no_news,0
EIB,2022-10-20,-0.2722299079907256,,0.0,no_news,0
EIB,2022-10-21,-0.16100438702780734,,0.0,no_news,0
EIB,2022-10-24,-0.5121051186032035,,0.0,no_news,0
EIB,2022-10-25,6.303129214356635,,0.0,no_news,0
EIB,2022-10-26,2.156580600227376,,0.0,no_news,0
EIB,2022-10-27,4.470006539257424,,0.0,no_news,0
EIB,2022-10-28,-6.551245419190819,,0.0,no_news,0
EIB,2022-10-31,-6.463401330424442,0.0,1.0,neutral,1
FTS,2022-10-03,0.31179595710352004,,0.0,no_news,0
FTS,2022-10-04,1.2427748898423012,,0.0,no_news,0
FTS,2022-10-05,0.9568772482319643,,0.0,no_news,0
FTS,2022-10-06,-1.373462233447289,0.0,1.0,neutral,1
FTS,2022-10-07,-0.6412763443014295,,0.0,no_news,0
FTS,2022-10-10,5.367074908095734,,0.0,no_news,0
FTS,2022-10-11,-0.6819044698834924,,0.0,no_news,0
FTS,2022-10-12,0.8693956449168345,,0.0,no_news,0
FTS,2022-10-13,-0.8442513679604664,,0.0,no_news,0
FTS,2022-10-14,-0.6400756703696837,,0.0,no_news,0
FTS,2022-10-17,3.968396407685662,,0.0,no_news,0
FTS,2022-10-18,-3.2825569058962563,,0.0,no_news,0
FTS,2022-10-19,-0.6008974189642092,,0.0,no_news,0
FTS,2022-10-20,-0.8904084537279325,,0.0,no_news,0
FTS,2022-10-21,-0.40725817506935336,0.0,1.0,neutral,1
FTS,2022-10-24,-1.015618497955848,,0.0,no_news,0
FTS,2022-10-25,-4.909298675478043,,0.0,no_news,0
FTS,2022-10-26,-6.525268027210711,,0.0,no_news,0
FTS,2022-10-27,0.03030071106830068,,0.0,no_news,0
FTS,2022-10-28,-3.3545269702288825,,0.0,no_news,0
FTS,2022-10-31,-0.04635849905670658,,0.0,no_news,0
GAS,2022-10-03,1.6046180335975984,,0.0,no_news,0
GAS,2022-10-04,-0.3117389327867426,,0.0,no_news,0
GAS,2022-10-05,-1.9640203648415735,0.0,1.0,neutral,1
GAS,2022-10-06,2.7251454985035903,,0.0,no_news,0
GAS,2022-10-07,-0.832862037485798,,0.0,no_news,0
GAS,2022-10-10,2.9111712103079066,,0.0,no_news,0
GAS,2022-10-11,3.8226247453776776,,0.0,no_news,0
GAS,2022-10-12,-2.517490536596121,0.0,1.0,neutral,1
GAS,2022-10-13,-1.0319410505857232,,0.0,no_news,0
GAS,2022-10-14,0.27277419459049734,,0.0,no_news,0
GAS,2022-10-17,2.3887391829484104,,0.0,no_news,0
GAS,2022-10-18,-1.947996390300676,,0.0,no_news,0
GAS,2022-10-19,-1.5769119634269106,,0.0,no_news,0
GAS,2022-10-20,1.575261716496793,,0.0,no_news,0
GAS,2022-10-21,0.5340407365378304,,0.0,no_news,0
GAS,2022-10-24,3.520481995178785,0.0,1.0,neutral,1
GAS,2022-10-25,-1.5298700772988634,,0.0,no_news,0
GAS,2022-10-26,0.9983907050410533,,0.0,no_news,0
GAS,2022-10-27,-2.2239664093681135,,0.0,no_news,0
GAS,2022-10-28,-1.0719251960067981,,0.0,no_news,0
GAS,2022-10-31,1.6172276704065658,,0.0,no_news,0
GEX,2022-10-03,0.2358482449041599,,0.0,no_news,0
GEX,2022-10-04,-3.797185538029802,,0.0,no_news,0
GEX,2022-10-05,0.4684170276731967,,0.0,no_news,0
GEX,2022-10-06,-2.145832693791675,,0.0,no_news,0
GEX,2022-10-07,-0.40910681260216997,,0.0,no_news,0
GEX,2022-10-10,-4.425561755863937,,0.0,no_news,0
GEX,2022-10-11,-0.6012836226152531,,0.0,no_news,0
GEX,2022-10-12,-3.57273176965019,,0.0,no_news,0
GEX,2022-10-13,-2.258586472338516,,0.0,no_news,0
GEX,2022-10-14,4.732091484816381,,0.0,no_news,0
GEX,2022-10-17,2.717067985505702,0.0,1.0,neutral,1
GEX,2022-10-18,-2.9216587768314026,,0.0,no_news,0
GEX,2022-10-19,-2.1192526755534082,,0.0,no_news,0
GEX,2022-10-20,-2.7496072754725813,,0.0,no_news,0
GEX,2022-10-21,-0.25917026834867674,,0.0,no_news,0
GEX,2022-10-24,-1.0291613423076775,,0.0,no_news,0
GEX,2022-10-25,-6.605155610292005,,0.0,no_news,0
GEX,2022-10-26,0.8237383412047157,,0.0,no_news,0
GEX,2022-10-27,0.443390410044711,0.0,2.0,neutral,1
GEX,2022-10-28,2.1515441031762137,,0.0,no_news,0
GEX,2022-10-31,4.522336559133879,0.5,2.0,neutral,1
HAG,2022-10-03,-2.9036456961826556,,0.0,no_news,0
HAG,2022-10-04,-4.161979346988558,,0.0,no_news,0
HAG,2022-10-05,1.8285213370924538,,0.0,no_news,0
HAG,2022-10-06,-4.518005515970739,,0.0,no_news,0
HAG,2022-10-07,-3.558572938270863,,0.0,no_news,0
HAG,2022-10-10,2.0373000137251815,0.0,1.0,neutral,1
HAG,2022-10-11,-3.507182979878005,,0.0,no_news,0
HAG,2022-10-12,-10.798613175387562,,0.0,no_news,0
HAG,2022-10-13,0.5733598811078222,0.0,1.0,neutral,1
HAG,2022-10-14,-0.10423281747123037,,0.0,no_news,0
HAG,2022-10-17,-5.427743224570152,-1.0,1.0,negative,1
HAG,2022-10-18,1.5913435032829062,,0.0,no_news,0
HAG,2022-10-19,-2.569140349423295,,0.0,no_news,0
HAG,2022-10-20,-5.563891659504468,,0.0,no_news,0
HAG,2022-10-21,-2.5851519251058073,,0.0,no_news,0
HAG,2022-10-24,7.09139418058724,,0.0,no_news,0
HAG,2022-10-25,0.4795930800219059,1.0,1.0,positive,1
HAG,2022-10-26,-3.69833514757319,,0.0,no_news,0
HAG,2022-10-27,2.383841297333217,0.5,2.0,positive,1
HAG,2022-10-28,-2.565038429736278,0.0,1.0,neutral,1
HAG,2022-10-31,-5.480486424183579,0.0,1.0,neutral,1
HBC,2022-10-03,-0.7906852655080154,,0.0,no_news,0
HBC,2022-10-04,-4.248051374952346,,0.0,no_news,0
HBC,2022-10-05,0.7923452261079444,,0.0,no_news,0
HBC,2022-10-06,-2.0555561734650887,,0.0,no_news,0
HBC,2022-10-07,-1.438775086026002,,0.0,no_news,0
HBC,2022-10-10,2.012839666853862,,0.0,no_news,0
HBC,2022-10-11,-1.9041723016667689,,0.0,no_news,0
HBC,2022-10-12,-2.2740596905441524,,0.0,no_news,0
HBC,2022-10-13,-1.9569394261469601,,0.0,no_news,0
HBC,2022-10-14,1.1007774889029684,,0.0,no_news,0
HBC,2022-10-17,2.5657341212895464,,0.0,no_news,0
HBC,2022-10-18,-0.25685201603577434,,0.0,no_news,0
HBC,2022-10-19,-0.9743359207292541,,0.0,no_news,0
HBC,2022-10-20,-1.2744229576393136,,0.0,no_news,0
HBC,2022-10-21,-1.4331113268457436,,0.0,no_news,0
HBC,2022-10-24,-2.069240087358451,,0.0,no_news,0
HBC,2022-10-25,-8.474771023238773,,0.0,no_news,0
HBC,2022-10-26,-6.554054735989618,,0.0,no_news,0
HBC,2022-10-27,1.5709622250685413,,0.0,no_news,0
HBC,2022-10-28,0.08340891937141866,0.0,1.0,neutral,1
HBC,2022-10-31,-6.333425126632019,,0.0,no_news,0
HCM,2022-10-03,-0.484403235061027,,0.0,no_news,0
HCM,2022-10-04,-5.7703092173794,0.0,1.0,neutral,1
HCM,2022-10-05,0.342211892332684,,0.0,no_news,0
HCM,2022-10-06,-2.858982573442833,0.0,1.0,neutral,1
HCM,2022-10-07,-1.361738582334799,,0.0,no_news,0
HCM,2022-10-10,2.5863280580821013,,0.0,no_news,0
HCM,2022-10-11,-1.5633405646618268,,0.0,no_news,0
HCM,2022-10-12,-1.5491349855828553,,0.0,no_news,0
HCM,2022-10-13,-1.2467790982991618,,0.0,no_news,0
HCM,2022-10-14,1.2727938298024797,,0.0,no_news,0
HCM,2022-10-17,4.533119507439173,,0.0,no_news,0
HCM,2022-10-18,-3.5358280662845996,,0.0,no_news,0
HCM,2022-10-19,0.10137655497341624,,0.0,no_news,0
HCM,2022-10-20,-2.685471754734067,,0.0,no_news,0
HCM,2022-10-21,-1.2858917600773898,1.0,1.0,positive,1
HCM,2022-10-24,-1.7753623975371005,,0.0,no_news,0
HCM,2022-10-25,1.4642138956243698,0.0,1.0,neutral,1
HCM,2022-10-26,-1.2459381837703511,,0.0,no_news,0
HCM,2022-10-27,0.6750641257802208,,0.0,no_news,0
HCM,2022-10-28,1.6280387147103168,,0.0,no_news,0
HCM,2022-10-31,6.287179794971292,0.0,1.0,neutral,1
HDB,2022-10-03,0.3524039757014803,,0.0,no_news,0
HDB,2022-10-04,1.2316236166791978,,0.0,no_news,0
HDB,2022-10-05,-2.8147205001848254,,0.0,no_news,0
HDB,2022-10-06,1.063913914239847,0.0,1.0,neutral,1
HDB,2022-10-07,-0.0488411400249249,,0.0,no_news,0
HDB,2022-10-10,-4.052451395460629,,0.0,no_news,0
HDB,2022-10-11,-0.47995719375665,,0.0,no_news,0
HDB,2022-10-12,0.413797439892984,,0.0,no_news,0
HDB,2022-10-13,-1.8780421983061113,,0.0,no_news,0
HDB,2022-10-14,-0.13584234352230684,,0.0,no_news,0
HDB,2022-10-17,-2.116790692154445,,0.0,no_news,0
HDB,2022-10-18,0.46169784818294146,,0.0,no_news,0
HDB,2022-10-19,-0.36198810274057647,,0.0,no_news,0
HDB,2022-10-20,0.6024055938521236,,0.0,no_news,0
HDB,2022-10-21,2.0969345769957113,,0.0,no_news,0
HDB,2022-10-24,0.19446350664808154,,0.0,no_news,0
HDB,2022-10-25,-1.079307835703299,,0.0,no_news,0
HDB,2022-10-26,-0.03634778250289156,,0.0,no_news,0
HDB,2022-10-27,0.013299857436718021,,0.0,no_news,0
HDB,2022-10-28,-0.6752368137437236,,0.0,no_news,0
HDB,2022-10-31,-0.8118652824639438,,0.0,no_news,0
HDC,2022-10-03,2.2783536107596687,,0.0,no_news,0
HDC,2022-10-04,4.763752945819972,,0.0,no_news,0
HDC,2022-10-05,2.7016806769713857,,0.0,no_news,0
HDC,2022-10-06,0.4459422794119181,,0.0,no_news,0
HDC,2022-10-07,9.8895473203739,,0.0,no_news,0
HDC,2022-10-10,-2.241250297706112,,0.0,no_news,0
HDC,2022-10-11,-1.1659174925685178,,0.0,no_news,0
HDC,2022-10-12,-11.816566908024285,,0.0,no_news,0
HDC,2022-10-13,-8.747479649671561,,0.0,no_news,0
HDC,2022-10-14,4.9364489660758455,,0.0,no_news,0
HDC,2022-10-17,1.9423320251098672,,0.0,no_news,0
HDC,2022-10-18,-0.6380349395538187,,0.0,no_news,0
HDC,2022-10-19,-2.432501011071739,,0.0,no_news,0
HDC,2022-10-20,-3.9251323249327172,,0.0,no_news,0
HDC,2022-10-21,-0.9335506516790524,,0.0,no_news,0
HDC,2022-10-24,-1.433669120486103,,0.0,no_news,0
HDC,2022-10-25,-8.992441911028587,,0.0,no_news,0
HDC,2022-10-26,-5.776766802531071,0.0,1.0,neutral,1
HDC,2022-10-27,0.9794722791740496,,0.0,no_news,0
HDC,2022-10-28,1.2080127375315999,,0.0,no_news,0
HDC,2022-10-31,-0.05399745309985656,,0.0,no_news,0
HPG,2022-10-03,-2.5427649574476066,,0.0,no_news,0
HPG,2022-10-04,-3.584679776527648,,0.0,no_news,0
HPG,2022-10-05,-0.5221070829012358,0.0,1.0,neutral,1
HPG,2022-10-06,-3.363762516077957,0.0,1.0,neutral,1
HPG,2022-10-07,1.8181640009205213,,0.0,no_news,0
HPG,2022-10-10,3.743752043532923,,0.0,no_news,0
HPG,2022-10-11,-0.8502108189104103,,0.0,no_news,0
HPG,2022-10-12,3.8851761635847972,,0.0,no_news,0
HPG,2022-10-13,2.762422365411992,,0.0,no_news,0
HPG,2022-10-14,-1.1009980622979654,,0.0,no_news,0
HPG,2022-10-17,0.16208056007149918,,0.0,no_news,0
HPG,2022-10-18,-3.013478201794852,,0.0,no_news,0
HPG,2022-10-19,-1.8976185485870776,,0.0,no_news,0
HPG,2022-10-20,-1.2513282595219561,,0.0,no_news,0
HPG,2022-10-21,-2.7273161634581085,,0.0,no_news,0
HPG,2022-10-24,0.7229886060760884,0.0,4.0,neutral,1
HPG,2022-10-25,3.1377711647159767,,0.0,no_news,0
HPG,2022-10-26,-0.4631010744180738,0.0,1.0,neutral,1
HPG,2022-10-27,-0.46746850827495257,,0.0,no_news,0
HPG,2022-10-28,-3.2723075993585735,,0.0,no_news,0
HPG,2022-10-31,-6.969532151508158,,0.0,no_news,0
HSG,2022-10-03,-0.7679637359131029,,0.0,no_news,0
HSG,2022-10-04,-4.215996453972373,,0.0,no_news,0
HSG,2022-10-05,0.2824163196784264,,0.0,no_news,0
HSG,2022-10-06,-2.7230067044397535,,0.0,no_news,0
HSG,2022-10-07,-1.370710206290724,,0.0,no_news,0
HSG,2022-10-10,5.802688268854565,,0.0,no_news,0
HSG,2022-10-11,6.527093940554198,,0.0,no_news,0
HSG,2022-10-12,2.399126658405404,,0.0,no_news,0
HSG,2022-10-13,-0.3294671313604205,,0.0,no_news,0
HSG,2022-10-14,0.7181232685971228,,0.0,no_news,0
HSG,2022-10-17,0.8731772592509469,,0.0,no_news,0
HSG,2022-10-18,-2.5898758250929736,,0.0,no_news,0
HSG,2022-10-19,-3.846519187641452,,0.0,no_news,0
HSG,2022-10-20,1.0976354081205044,,0.0,no_news,0
HSG,2022-10-21,-1.2198068329310026,,0.0,no_news,0
HSG,2022-10-24,-1.902856716198209,,0.0,no_news,0
HSG,2022-10-25,4.973039700966767,,0.0,no_news,0
HSG,2022-10-26,-0.4822950289985506,,0.0,no_news,0
HSG,2022-10-27,1.6971153123023512,,0.0,no_news,0
HSG,2022-10-28,-6.809060745664484,,0.0,no_news,0
HSG,2022-10-31,-7.146069543647824,0.0,1.0,neutral,1
ICT,2022-10-03,1.3206032716943503,,0.0,no_news,0
ICT,2022-10-04,-2.470254835400069,,0.0,no_news,0
ICT,2022-10-05,0.6935764256775958,,0.0,no_news,0
ICT,2022-10-06,1.0433423218755533,,0.0,no_news,0
ICT,2022-10-07,1.1227014462649099,,0.0,no_news,0
ICT,2022-10-10,0.5587742329850296,,0.0,no_news,0
ICT,2022-10-11,-1.0603229827383176,,0.0,no_news,0
ICT,2022-10-12,-2.508259611954591,,0.0,no_news,0
ICT,2022-10-13,1.0724765401393244,,0.0,no_news,0
ICT,2022-10-14,-0.232202672484268,,0.0,no_news,0
ICT,2022-10-17,2.102850199057409,0.0,1.0,neutral,1
ICT,2022-10-18,-1.4568516314357418,,0.0,no_news,0
ICT,2022-10-19,0.029557724005994004,,0.0,no_news,0
ICT,2022-10-20,-2.1893012752506524,,0.0,no_news,0
ICT,2022-10-21,0.8188987218679539,,0.0,no_news,0
ICT,2022-10-24,0.33668500711428717,,0.0,no_news,0
ICT,2022-10-25,-1.8362423787540116,,0.0,no_news,0
ICT,2022-10-26,-4.224363058706107,,0.0,no_news,0
ICT,2022-10-27,1.1497771744326681,,0.0,no_news,0
ICT,2022-10-28,-2.1174480327117435,,0.0,no_news,0
ICT,2022-10-31,4.128997640632916,,0.0,no_news,0
ITA,2022-10-03,-0.3674053251693863,0.0,2.0,neutral,1
ITA,2022-10-04,-5.104304522903347,,0.0,no_news,0
ITA,2022-10-05,1.9158822109479536,,0.0,no_news,0
ITA,2022-10-06,-0.47764788833561145,,0.0,no_news,0
ITA,2022-10-07,-1.007870209599779,0.0,3.0,neutral,1
ITA,2022-10-10,-0.3814296164231096,0.0,2.0,neutral,1
ITA,2022-10-11,-1.2187136482916276,,0.0,no_news,0
ITA,2022-10-12,0.09686305392819872,,0.0,no_news,0
ITA,2022-10-13,-0.3055881602994255,0.0,1.0,neutral,1
ITA,2022-10-14,2.126176160812382,,0.0,no_news,0
ITA,2022-10-17,2.0461978977671804,0.2,5.0,neutral,1
ITA,2022-10-18,1.8597550180453295,0.0,1.0,neutral,1
ITA,2022-10-19,1.0870135073749045,,0.0,no_news,0
ITA,2022-10-20,-1.736675093981924,,0.0,no_news,0
ITA,2022-10-21,-0.8311770949185204,,0.0,no_news,0
ITA,2022-10-24,0.7646454021501032,0.0,1.0,neutral,1
ITA,2022-10-25,-1.9815467187780433,,0.0,no_news,0
ITA,2022-10-26,-2.5593732471176738,0.0,1.0,neutral,1
ITA,2022-10-27,1.2862653726364934,0.5,2.0,positive,1
ITA,2022-10-28,2.7330112720615682,,0.0,no_news,0
ITA,2022-10-31,-4.746850034827161,0.0,2.0,neutral,1
KBC,2022-10-03,-1.5714493640641782,,0.0,no_news,0
KBC,2022-10-04,-2.8406777255212745,,0.0,no_news,0
KBC,2022-10-05,0.3295757453847723,,0.0,no_news,0
KBC,2022-10-06,-3.4453063774047954,,0.0,no_news,0
KBC,2022-10-07,-2.2725295794172133,,0.0,no_news,0
KBC,2022-10-10,-1.2184317910081461,,0.0,no_news,0
KBC,2022-10-11,-2.3210165836962275,,0.0,no_news,0
KBC,2022-10-12,2.656954663595166,,0.0,no_news,0
KBC,2022-10-13,-4.232219906280743,,0.0,no_news,0
KBC,2022-10-14,-2.212790851337864,,0.0,no_news,0
KBC,2022-10-17,0.9962887054799926,0.0,1.0,neutral,1
KBC,2022-10-18,1.3394609083872797,,0.0,no_news,0
KBC,2022-10-19,-0.739339783235427,,0.0,no_news,0
KBC,2022-10-20,0.08297593747930693,,0.0,no_news,0
KBC,2022-10-21,-2.1733376986509585,,0.0,no_news,0
KBC,2022-10-24,-2.7283005413727253,,0.0,no_news,0
KBC,2022-10-25,-8.748411752872551,,0.0,no_news,0
KBC,2022-10-26,-6.770538773757944,,0.0,no_news,0
KBC,2022-10-27,-3.728424842878023,,0.0,no_news,0
KBC,2022-10-28,1.658508982899614,,0.0,no_news,0
KBC,2022-10-31,-1.9067836317367752,,0.0,no_news,0
LHG,2022-10-03,-0.08405852008477943,,0.0,no_news,0
LHG,2022-10-04,-2.343065624816333,0.0,1.0,neutral,1
LHG,2022-10-05,3.0099274326739707,,0.0,no_news,0
LHG,2022-10-06,-2.3963295159744034,,0.0,no_news,0
LHG,2022-10-07,-1.1240653305796178,,0.0,no_news,0
LHG,2022-10-10,3.3722597755369192,,0.0,no_news,0
LHG,2022-10-11,-1.33717020763999,,0.0,no_news,0
LHG,2022-10-12,-0.20037141618917698,,0.0,no_news,0
LHG,2022-10-13,-1.8960724720858608,,0.0,no_news,0
LHG,2022-10-14,1.1146443559118262,,0.0,no_news,0
LHG,2022-10-17,0.7616773991004644,,0.0,no_news,0
LHG,2022-10-18,-6.361383253971095,,0.0,no_news,0
LHG,2022-10-19,-6.332443751558202,0.0,1.0,neutral,1
LHG,2022-10-20,0.9234040425688411,,0.0,no_news,0
LHG,2022-10-21,-1.1620073981742909,,0.0,no_news,0
LHG,2022-10-24,-1.6895095545499696,,0.0,no_news,0
LHG,2022-10-25,4.9153018152999195,,0.0,no_news,0
LHG,2022-10-26,3.0267846293266674,,0.0,no_news,0
LHG,2022-10-27,1.2954432913386702,,0.0,no_news,0
LHG,2022-10-28,-0.7289784583064959,,0.0,no_news,0
LHG,2022-10-31,0.5875661661850193,,0.0,no_news,0
LPB,2022-10-03,-0.8285673439131953,,0.0,no_news,0
LPB,2022-10-04,-1.8663223992325966,,0.0,no_news,0
LPB,2022-10-05,-0.9551655806096018,,0.0,no_news,0
LPB,2022-10-06,-2.8374192709964756,,0.0,no_news,0
LPB,2022-10-07,-1.6124850149049603,,0.0,no_news,0
LPB,2022-10-10,-3.962624973857437,,0.0,no_news,0
LPB,2022-10-11,-2.1166802328507703,0.0,1.0,neutral,1
LPB,2022-10-12,2.8160701312425065,,0.0,no_news,0
LPB,2022-10-13,-1.2617293080077596,,0.0,no_news,0
LPB,2022-10-14,4.154877235546345,,0.0,no_news,0
LPB,2022-10-17,3.402657820989029,,0.0,no_news,0
LPB,2022-10-18,-1.6401616745902432,,0.0,no_news,0
LPB,2022-10-19,-0.3992478266336427,,0.0,no_news,0
LPB,2022-10-20,-1.2229265108642422,,0.0,no_news,0
LPB,2022-10-21,-1.4368272155721602,0.0,1.0,neutral,1
LPB,2022-10-24,-2.2468245055651703,,0.0,no_news,0
LPB,2022-10-25,5.0443946668292705,0.0,1.0,neutral,1
LPB,2022-10-26,4.1226469818804485,0.0,1.0,neutral,1
LPB,2022-10-27,1.4972195990530945,,0.0,no_news,0
LPB,2022-10-28,2.392871341249924,,0.0,no_news,0
LPB,2022-10-31,3.857813365106271,,0.0,no_news,0
MBS,2022-10-03,-1.4984097672150138,0.0,1.0,neutral,1
MBS,2022-10-04,1.5406293999479934,,0.0,no_news,0
MBS,2022-10-05,1.389765629439312,,0.0,no_news,0
MBS,2022-10-06,0.3952078209614749,0.0,1.0,neutral,1
MBS,2022-10-07,1.9639238604572098,,0.0,no_news,0
MBS,2022-10-10,4.353579340007302,1.0,1.0,positive,1
MBS,2022-10-11,-3.0528962084971365,,0.0,no_news,0
MBS,2022-10-12,-2.673174116336661,,0.0,no_news,0
MBS,2022-10-13,-5.582921085835629,,0.0,no_news,0
MBS,2022-10-14,0.3028535386760991,,0.0,no_news,0
MBS,2022-10-17,1.432375164338243,,0.0,no_news,0
MBS,2022-10-18,-3.291471172177217,,0.0,no_news,0
MBS,2022-10-19,2.545120917041593,,0.0,no_news,0
MBS,2022-10-20,-1.7236336115447386,,0.0,no_news,0
MBS,2022-10-21,-2.0285163150265593,1.0,1.0,positive,1
MBS,2022-10-24,-3.057052292050945,0.0,1.0,neutral,1
MBS,2022-10-25,-2.6446855269671676,,0.0,no_news,0
MBS,2022-10-26,-2.4726086719832536,,0.0,no_news,0
MBS,2022-10-27,1.3844297112039134,,0.0,no_news,0
MBS,2022-10-28,0.8189839840002795,,0.0,no_news,0
MBS,2022-10-31,2.7510996325720436,0.0,1.0,neutral,1
MSH,2022-10-03,2.14307422312085,,0.0,no_news,0
MSH,2022-10-04,1.2365690801551343,,0.0,no_news,0
MSH,2022-10-05,-1.2221841306872991,,0.0,no_news,0
MSH,2022-10-06,2.193002210796588,,0.0,no_news,0
MSH,2022-10-07,-2.346078539035954,,0.0,no_news,0
MSH,2022-10-10,-0.8592274232098882,,0.0,no_news,0
MSH,2022-10-11,2.581101291966036,,0.0,no_news,0
MSH,2022-10-12,-1.1057681327396458,,0.0,no_news,0
MSH,2022-10-13,1.4175442770211748,,0.0,no_news,0
MSH,2022-10-14,0.03734928712775254,,0.0,no_news,0
MSH,2022-10-17,5.785152601527037,,0.0,no_news,0
MSH,2022-10-18,4.567736718492473,,0.0,no_news,0
MSH,2022-10-19,-0.07407482068425997,,0.0,no_news,0
MSH,2022-10-20,4.38608165974728,,0.0,no_news,0
MSH,2022-10-21,-0.6656256341792997,0.0,1.0,neutral,1
MSH,2022-10-24,5.332370190317327,,0.0,no_news,0
MSH,2022-10-25,-0.5865436166587348,,0.0,no_news,0
MSH,2022-10-26,0.6417812601979345,,0.0,no_news,0
MSH,2022-10-27,1.9612539734470609,,0.0,no_news,0
MSH,2022-10-28,0.0712180879392399,,0.0,no_news,0
MSH,2022-10-31,0.0903744240555913,,0.0,no_news,0
MWG,2022-10-03,-2.115457280668884,,0.0,no_news,0
MWG,2022-10-04,3.211833987342101,,0.0,no_news,0
MWG,2022-10-05,-1.0735819508280349,,0.0,no_news,0
MWG,2022-10-06,-3.696088619451649,,0.0,no_news,0
MWG,2022-10-07,-2.6885164214255424,,0.0,no_news,0
MWG,2022-10-10,4.7449827473332675,,0.0,no_news,0
MWG,2022-10-11,1.264698880916817,,0.0,no_news,0
MWG,2022-10-12,0.21440993293671307,,0.0,no_news,0
MWG,2022-10-13,-1.8115380154624345,,0.0,no_news,0
MWG,2022-10-14,2.595999898390553,,0.0,no_news,0
MWG,2022-10-17,-0.5595839025774938,0.0,1.0,neutral,1
MWG,2022-10-18,-1.293180070840935,,0.0,no_news,0
MWG,2022-10-19,0.35355702664390626,,0.0,no_news,0
MWG,2022-10-20,-0.892610365103542,,0.0,no_news,0
MWG,2022-10-21,-2.5838327579874374,,0.0,no_news,0
MWG,2022-10-24,-3.156590509883878,,0.0,no_news,0
MWG,2022-10-25,1.219654000105924,,0.0,no_news,0
MWG,2022-10-26,0.2925672174802346,,0.0,no_news,0
MWG,2022-10-27,-1.6384570968671586,,0.0,no_news,0
MWG,2022-10-28,-0.16238462058857467,,0.0,no_news,0
MWG,2022-10-31,-3.1938853637726123,0.0,1.0,neutral,1
NKG,2022-10-03,-0.6154205627997831,,0.0,no_news,0
NKG,2022-10-04,-1.2548755368503863,,0.0,no_news,0
NKG,2022-10-05,1.1420321897361947,,0.0,no_news,0
NKG,2022-10-06,-2.785062529620797,,0.0,no_news,0
NKG,2022-10-07,-1.2493991134587912,,0.0,no_news,0
NKG,2022-10-10,5.983402211379856,,0.0,no_news,0
NKG,2022-10-11,5.619241513352828,,0.0,no_news,0
NKG,2022-10-12,2.1287515946003,,0.0,no_news,0
NKG,2022-10-13,-1.6442850794838626,,0.0,no_news,0
NKG,2022-10-14,-1.0861550733492902,,0.0,no_news,0
NKG,2022-10-17,2.475653337213896,,0.0,no_news,0
NKG,2022-10-18,-1.2655317753216928,,0.0,no_news,0
NKG,2022-10-19,-2.5010038496203344,,0.0,no_news,0
NKG,2022-10-20,0.4045827275478625,,0.0,no_news,0
NKG,2022-10-21,-1.0808663067944577,,0.0,no_news,0
NKG,2022-10-24,-1.8705284514101272,,0.0,no_news,0
NKG,2022-10-25,1.3968028434883453,,0.0,no_news,0
NKG,2022-10-26,-2.179072003033901,,0.0,no_news,0
NKG,2022-10-27,0.48192086698616343,,0.0,no_news,0
NKG,2022-10-28,-6.671525719659944,,0.0,no_news,0
NKG,2022-10-31,-7.059864214978806,0.0,1.0,neutral,1
NVL,2022-10-03,-1.8599988610822338,,0.0,no_news,0
NVL,2022-10-04,0.20185509596776302,,0.0,no_news,0
NVL,2022-10-05,-1.1279924920548554,,0.0,no_news,0
NVL,2022-10-06,-1.194730685225824,,0.0,no_news,0
NVL,2022-10-07,-0.09081676914018777,0.0,1.0,neutral,1
NVL,2022-10-10,-3.7287447957376507,,0.0,no_news,0
NVL,2022-10-11,-0.4729240077436221,,0.0,no_news,0
NVL,2022-10-12,0.021060753045904823,0.0,1.0,neutral,1
NVL,2022-10-13,-1.4392628197066277,,0.0,no_news,0
NVL,2022-10-14,0.11233724898335706,,0.0,no_news,0
NVL,2022-10-17,-1.0334073004940356,,0.0,no_news,0
NVL,2022-10-18,-0.47273117042588964,,0.0,no_news,0
NVL,2022-10-19,-0.10721886280356814,,0.0,no_news,0
NVL,2022-10-20,0.07218965655807777,,0.0,no_news,0
NVL,2022-10-21,1.3148360313166958,,0.0,no_news,0
NVL,2022-10-24,0.4874941302046204,,0.0,no_news,0
NVL,2022-10-25,0.19352275852236467,,0.0,no_news,0
NVL,2022-10-26,-0.6119517716148448,,0.0,no_news,0
NVL,2022-10-27,-2.3731390432687633,,0.0,no_news,0
NVL,2022-10-28,-1.999578072072535,,0.0,no_news,0
NVL,2022-10-31,-3.6684887097247034,,0.0,no_news,0
OCB,2022-10-03,-1.3967352597157507,-1.0,1.0,negative,1
OCB,2022-10-04,-0.737346549095786,,0.0,no_news,0
OCB,2022-10-05,-0.4232142848129037,,0.0,no_news,0
OCB,2022-10-06,-2.367163270240582,,0.0,no_news,0
OCB,2022-10-07,-2.378555047646742,,0.0,no_news,0
OCB,2022-10-10,-0.5343947940606223,,0.0,no_news,0
OCB,2022-10-11,1.0936128048007538,,0.0,no_news,0
OCB,2022-10-12,0.8957989604791172,,0.0,no_news,0
OCB,2022-10-13,-0.8646909855356336,,0.0,no_news,0
OCB,2022-10-14,2.0679360746150777,,0.0,no_news,0
OCB,2022-10-17,2.0294458756965996,0.0,2.0,neutral,1
OCB,2022-10-18,-0.2483804412214996,,0.0,no_news,0
OCB,2022-10-19,0.58895748083737,0.0,1.0,neutral,1
OCB,2022-10-20,0.7230390221452756,,0.0,no_news,0
OCB,2022-10-21,3.2770546805854828,,0.0,no_news,0
OCB,2022-10-24,2.665920202784026,,0.0,no_news,0
OCB,2022-10-25,-0.7940238584996631,,0.0,no_news,0
OCB,2022-10-26,-2.0030465461169653,,0.0,no_news,0
OCB,2022-10-27,0.5220788801517138,,0.0,no_news,0
OCB,2022-10-28,-1.6744703909243464,0.0,1.0,neutral,1
OCB,2022-10-31,0.13220549334996665,0.0,2.0,neutral,1
PNJ,2022-10-03,-2.4037782615653924,,0.0,no_news,0
PNJ,2022-10-04,-0.3696149715679432,,0.0,no_news,0
PNJ,2022-10-05,0.7802472871327737,,0.0,no_news,0
PNJ,2022-10-06,3.504367885011775,,0.0,no_news,0
PNJ,2022-10-07,4.4128579085420405,,0.0,no_news,0
PNJ,2022-10-10,0.9710629035927701,,0.0,no_news,0
PNJ,2022-10-11,3.6853846872437916,,0.0,no_news,0
PNJ,2022-10-12,-3.1833477269484183,,0.0,no_news,0
PNJ,2022-10-13,-2.545955970563285,,0.0,no_news,0
PNJ,2022-10-14,-0.8736844820470953,,0.0,no_news,0
PNJ,2022-10-17,0.8953889417794342,,0.0,no_news,0
PNJ,2022-10-18,-0.6226339515975892,,0.0,no_news,0
PNJ,2022-10-19,1.6023346543603945,,0.0,no_news,0
PNJ,2022-10-20,0.09132222104113719,,0.0,no_news,0
PNJ,2022-10-21,1.5608289738692984,,0.0,no_news,0
PNJ,2022-10-24,0.7484920506354951,,0.0,no_news,0
PNJ,2022-10-25,-1.4927114143227784,0.0,1.0,neutral,1
PNJ,2022-10-26,2.075898105396442,,0.0,no_news,0
PNJ,2022-10-27,-4.122357022013874,,0.0,no_news,0
PNJ,2022-10-28,0.7407958533172169,,0.0,no_news,0
PNJ,2022-10-31,-0.6390141437039356,,0.0,no_news,0
POW,2022-10-03,-1.716993166020762,,0.0,no_news,0
POW,2022-10-04,1.758207121012434,,0.0,no_news,0
POW,2022-10-05,0.8995585868113816,,0.0,no_news,0
POW,2022-10-06,-2.436210470948999,,0.0,no_news,0
POW,2022-10-07,-2.032267512654208,,0.0,no_news,0
POW,2022-10-10,2.2991481053932605,,0.0,no_news,0
POW,2022-10-11,-2.4437031333673005,0.0,1.0,neutral,1
POW,2022-10-12,-0.46513708379618945,,0.0,no_news,0
POW,2022-10-13,-2.1622226476487163,,0.0,no_news,0
POW,2022-10-14,0.45390286722659057,,0.0,no_news,0
POW,2022-10-17,4.3863817454151945,,0.0,no_news,0
POW,2022-10-18,-2.052168223426232,,0.0,no_news,0
POW,2022-10-19,-0.6331212070888224,,0.0,no_news,0
POW,2022-10-20,-1.2226822938708743,,0.0,no_news,0
POW,2022-10-21,-0.41186020041033267,,0.0,no_news,0
POW,2022-10-24,0.2943855791382113,,0.0,no_news,0
POW,2022-10-25,-0.7953011175697552,,0.0,no_news,0
POW,2022-10-26,0.8441751363842039,,0.0,no_news,0
POW,2022-10-27,-0.7509423445724597,,0.0,no_news,0
POW,2022-10-28,-0.4801794980504773,0.0,1.0,neutral,1
POW,2022-10-31,-0.17371538342091503,0.0,1.0,neutral,1
PVD,2022-10-03,-0.20005166276624653,,0.0,no_news,0
PVD,2022-10-04,2.3688675750593884,,0.0,no_news,0
PVD,2022-10-05,2.1653278877968853,,0.0,no_news,0
PVD,2022-10-06,2.356622460832534,,0.0,no_news,0
PVD,2022-10-07,8.120487058217591,,0.0,no_news,0
PVD,2022-10-10,1.4855501862775673,,0.0,no_news,0
PVD,2022-10-11,-1.1891209408510983,,0.0,no_news,0
PVD,2022-10-12,-1.934273223102311,,0.0,no_news,0
PVD,2022-10-13,-4.363542528898081,,0.0,no_news,0
PVD,2022-10-14,0.4301404960535269,,0.0,no_news,0
PVD,2022-10-17,8.078816003949457,1.0,1.0,positive,1
PVD,2022-10-18,-4.272460160628332,,0.0,no_news,0
PVD,2022-10-19,1.6863685476355004,,0.0,no_news,0
PVD,2022-10-20,0.15557713463081288,,0.0,no_news,0
PVD,2022-10-21,-1.1040125089030184,,0.0,no_news,0
PVD,2022-10-24,-1.4741719327936007,,0.0,no_news,0
PVD,2022-10-25,-0.5699610542666074,,0.0,no_news,0
PVD,2022-10-26,-6.680741105446617,,0.0,no_news,0
PVD,2022-10-27,0.20075836615966391,,0.0,no_news,0
PVD,2022-10-28,-2.3456294161416666,,0.0,no_news,0
PVD,2022-10-31,-7.441530513127799,,0.0,no_news,0
REE,2022-10-03,1.6245218453443648,,0.0,no_news,0
REE,2022-10-04,1.371776663754822,,0.0,no_news,0
REE,2022-10-05,0.8772636213540608,,0.0,no_news,0
REE,2022-10-06,-0.16325636315174652,,0.0,no_news,0
REE,2022-10-07,5.085701804483993,,0.0,no_news,0
REE,2022-10-10,2.052385572451064,0.0,1.0,neutral,1
REE,2022-10-11,4.264280641462614,,0.0,no_news,0
REE,2022-10-12,-3.035818358006281,,0.0,no_news,0
REE,2022-10-13,-3.9046707359179327,,0.0,no_news,0
REE,2022-10-14,-0.28564359209265966,,0.0,no_news,0
REE,2022-10-17,4.489601646576217,1.0,1.0,positive,1
REE,2022-10-18,-1.9295865547130726,,0.0,no_news,0
REE,2022-10-19,0.11592815362073274,,0.0,no_news,0
REE,2022-10-20,1.391884811518493,,0.0,no_news,0
REE,2022-10-21,3.2776052802281095,,0.0,no_news,0
REE,2022-10-24,2.583080818269926,,0.0,no_news,0
REE,2022-10-25,-0.1603286450344399,,0.0,no_news,0
REE,2022-10-26,1.5537799199846525,,0.0,no_news,0
REE,2022-10-27,-4.221614497064605,,0.0,no_news,0
REE,2022-10-28,-1.7417998282870046,,0.0,no_news,0
REE,2022-10-31,-1.4503867802947987,0.0,1.0,neutral,1
SAB,2022-10-03,0.16176749048729078,,0.0,no_news,0
SAB,2022-10-04,3.2944200107680492,,0.0,no_news,0
SAB,2022-10-05,-0.7653879053491067,,0.0,no_news,0
SAB,2022-10-06,-0.6427051421983379,,0.0,no_news,0
SAB,2022-10-07,2.1280907133552147,,0.0,no_news,0
SAB,2022-10-10,-1.8377951195303284,,0.0,no_news,0
SAB,2022-10-11,0.8903819410097066,,0.0,no_news,0
SAB,2022-10-12,-1.4783775894748157,,0.0,no_news,0
SAB,2022-10-13,2.577200322593593,,0.0,no_news,0
SAB,2022-10-14,-1.5135358879077727,,0.0,no_news,0
SAB,2022-10-17,-1.5112586067605802,,0.0,no_news,0
SAB,2022-10-18,1.7808659090845746,,0.0,no_news,0
SAB,2022-10-19,0.5371376508278942,,0.0,no_news,0
SAB,2022-10-20,0.0859972120149223,,0.0,no_news,0
SAB,2022-10-21,2.4002133259558383,0.0,2.0,neutral,1
SAB,2022-10-24,-5.08328655838978,,0.0,no_news,0
SAB,2022-10-25,2.958906896574378,-1.0,1.0,negative,1
SAB,2022-10-26,-0.8961494956903222,,0.0,no_news,0
SAB,2022-10-27,-0.805946643306054,,0.0,no_news,0
SAB,2022-10-28,-1.1238510790794967,0.0,1.0,neutral,1
SAB,2022-10-31,-0.652228403591459,,0.0,no_news,0
SHB,2022-10-03,1.243149771928926,0.0,1.0,neutral,1
SHB,2022-10-04,-2.231721835554225,,0.0,no_news,0
SHB,2022-10-05,-1.5595182164091372,,0.0,no_news,0
SHB,2022-10-06,-2.367244434262755,,0.0,no_news,0
SHB,2022-10-07,-0.7504164367896156,,0.0,no_news,0
SHB,2022-10-10,-3.407130602162627,,0.0,no_news,0
SHB,2022-10-11,-2.057421572190057,0.0,1.0,neutral,1
SHB,2022-10-12,2.6303085564440996,,0.0,no_news,0
SHB,2022-10-13,0.4294728857533552,,0.0,no_news,0
SHB,2022-10-14,5.09337270963019,,0.0,no_news,0
SHB,2022-10-17,5.9045839092448595,0.0,2.0,neutral,1
SHB,2022-10-18,-3.7033910594662833,,0.0,no_news,0
SHB,2022-10-19,-0.48061695517439873,,0.0,no_news,0
SHB,2022-10-20,-2.461349959061951,,0.0,no_news,0
SHB,2022-10-21,-0.38686492549085827,0.0,1.0,neutral,1
SHB,2022-10-24,1.251029478410532,0.0,1.0,neutral,1
SHB,2022-10-25,4.808336895097536,,0.0,no_news,0
SHB,2022-10-26,-0.23137698137869256,0.0,1.0,neutral,1
SHB,2022-10-27,1.6170522283780722,,0.0,no_news,0
SHB,2022-10-28,-1.2179722262457604,-1.0,1.0,negative,1
SHB,2022-10-31,3.9651103399070475,,0.0,no_news,0
SSI,2022-10-03,-0.6556751619250454,,0.0,no_news,0
SSI,2022-10-04,-2.2312150899909025,0.0,1.0,neutral,1
SSI,2022-10-05,1.072282571408525,0.5,2.0,positive,1
SSI,2022-10-06,-2.6821916329294666,,0.0,no_news,0
SSI,2022-10-07,2.1912816052757615,,0.0,no_news,0
SSI,2022-10-10,2.6438840375106047,0.0,1.0,neutral,1
SSI,2022-10-11,-1.616140779477031,,0.0,no_news,0
SSI,2022-10-12,2.0941250971390293,0.0,2.0,neutral,1
SSI,2022-10-13,-0.7536034410406289,,0.0,no_news,0
SSI,2022-10-14,0.7571311032133154,,0.0,no_news,0
SSI,2022-10-17,2.1119025335083625,,0.0,no_news,0
SSI,2022-10-18,-2.680891487324356,,0.0,no_news,0
SSI,2022-10-19,-0.22046801588641396,0.0,1.0,neutral,1
SSI,2022-10-20,-1.1533315024488913,,0.0,no_news,0
SSI,2022-10-21,-1.3478461935303887,-1.0,1.0,negative,1
SSI,2022-10-24,-1.8244629617496058,0.0,1.0,neutral,1
SSI,2022-10-25,-2.042298426249394,,0.0,no_news,0
SSI,2022-10-26,-0.4787904145778171,,0.0,no_news,0
SSI,2022-10-27,1.3358654856848293,,0.0,no_news,0
SSI,2022-10-28,0.5575004854148184,0.0,1.0,neutral,1
SSI,2022-10-31,2.461816453397009,0.0,1.0,neutral,1
STB,2022-10-03,-0.7364320167578775,,0.0,no_news,0
STB,2022-10-04,-1.2033688726594634,,0.0,no_news,0
STB,2022-10-05,-1.0421438160478544,,0.0,no_news,0
STB,2022-10-06,-2.5379867963519294,,0.0,no_news,0
STB,2022-10-07,-1.5978223963432914,,0.0,no_news,0
STB,2022-10-10,0.5063617138520127,,0.0,no_news,0
STB,2022-10-11,-1.5844289183749574,0.0,1.0,neutral,1
STB,2022-10-12,2.4080153667377076,,0.0,no_news,0
STB,2022-10-13,1.6633663951952333,,0.0,no_news,0
STB,2022-10-14,-1.581487306004983,,0.0,no_news,0
STB,2022-10-17,4.2758054507835945,,0.0,no_news,0
STB,2022-10-18,-4.267017445912611,,0.0,no_news,0
STB,2022-10-19,-1.7744634105666282,,0.0,no_news,0
STB,2022-10-20,-0.6431262533660046,,0.0,no_news,0
STB,2022-10-21,-1.5646860885115021,,0.0,no_news,0
STB,2022-10-24,-2.009156777946246,,0.0,no_news,0
STB,2022-10-25,-1.4543253518112702,,0.0,no_news,0
STB,2022-10-26,1.3301765449006577,,0.0,no_news,0
STB,2022-10-27,1.5065458127468778,,0.0,no_news,0
STB,2022-10-28,0.7114256845039861,,0.0,no_news,0
STB,2022-10-31,-0.0930553569250503,,0.0,no_news,0
TCB,2022-10-03,-2.2696216034595196,,0.0,no_news,0
TCB,2022-10-04,1.0933548791890622,,0.0,no_news,0
TCB,2022-10-05,-2.1310761450242777,,0.0,no_news,0
TCB,2022-10-06,-0.7137351550734738,,0.0,no_news,0
TCB,2022-10-07,-2.907068254931848,,0.0,no_news,0
TCB,2022-10-10,-6.156392767398096,,0.0,no_news,0
TCB,2022-10-11,-3.0765696878289006,,0.0,no_news,0
TCB,2022-10-12,0.025395859937884513,,0.0,no_news,0
TCB,2022-10-13,0.2916652988675048,,0.0,no_news,0
TCB,2022-10-14,0.3626463466357881,,0.0,no_news,0
TCB,2022-10-17,-1.1911253556932075,,0.0,no_news,0
TCB,2022-10-18,-0.43962185082573235,,0.0,no_news,0
TCB,2022-10-19,0.01779711340744705,,0.0,no_news,0
TCB,2022-10-20,-2.2029801574276022,,0.0,no_news,0
TCB,2022-10-21,-2.6750405651008835,0.0,1.0,neutral,1
TCB,2022-10-24,-3.2361257199747318,1.0,1.0,positive,1
TCB,2022-10-25,-1.3234183453561614,0.0,1.0,neutral,1
TCB,2022-10-26,0.9657861066822042,,0.0,no_news,0
TCB,2022-10-27,2.5590060206815304,,0.0,no_news,0
TCB,2022-10-28,6.711849960391548,0.0,1.0,neutral,1
TCB,2022-10-31,0.7751703925708666,0.5,2.0,neutral,1
TGG,2022-10-03,-2.168938333726082,,0.0,no_news,0
TGG,2022-10-04,-5.256858414731086,,0.0,no_news,0
TGG,2022-10-05,5.225019372212754,,0.0,no_news,0
TGG,2022-10-06,3.4066416313487466,,0.0,no_news,0
TGG,2022-10-07,-2.3944476852520964,,0.0,no_news,0
TGG,2022-10-10,0.5733057974816185,0.0,1.0,neutral,1
TGG,2022-10-11,-2.7172161074716783,,0.0,no_news,0
TGG,2022-10-12,-8.994585933427086,,0.0,no_news,0
TGG,2022-10-13,-7.251384829339992,,0.0,no_news,0
TGG,2022-10-14,6.5232873249808465,,0.0,no_news,0
TGG,2022-10-17,5.985526690225551,,0.0,no_news,0
TGG,2022-10-18,6.333828064872623,,0.0,no_news,0
TGG,2022-10-19,1.2679140017479298,,0.0,no_news,0
TGG,2022-10-20,-3.9409167482990797,,0.0,no_news,0
TGG,2022-10-21,-2.5681299873076906,,0.0,no_news,0
TGG,2022-10-24,-2.790797920016306,,0.0,no_news,0
TGG,2022-10-25,-5.995389444110865,,0.0,no_news,0
TGG,2022-10-26,-5.533259823663658,,0.0,no_news,0
TGG,2022-10-27,4.019783390307586,,0.0,no_news,0
TGG,2022-10-28,2.1014485431302603,,0.0,no_news,0
TGG,2022-10-31,0.5040628004194789,,0.0,no_news,0
TNI,2022-10-03,-0.9442056492873805,,0.0,no_news,0
TNI,2022-10-04,0.10284660984566862,,0.0,no_news,0
TNI,2022-10-05,-0.5112586265852777,,0.0,no_news,0
TNI,2022-10-06,0.12527298307374624,,0.0,no_news,0
TNI,2022-10-07,-1.9509806006545745,,0.0,no_news,0
TNI,2022-10-10,-0.16451054782385055,,0.0,no_news,0
TNI,2022-10-11,-1.9850569781181635,,0.0,no_news,0
TNI,2022-10-12,-2.5237775890891303,,0.0,no_news,0
TNI,2022-10-13,-1.4146746878122007,,0.0,no_news,0
TNI,2022-10-14,-1.309821188173738,,0.0,no_news,0
TNI,2022-10-17,5.148727165727172,,0.0,no_news,0
TNI,2022-10-18,-1.469034205765673,,0.0,no_news,0
TNI,2022-10-19,0.2941412613611245,,0.0,no_news,0
TNI,2022-10-20,-1.487012777433163,,0.0,no_news,0
TNI,2022-10-21,-1.6796128903268697,,0.0,no_news,0
TNI,2022-10-24,-2.353569527206181,,0.0,no_news,0
TNI,2022-10-25,-8.071716806614065,,0.0,no_news,0
TNI,2022-10-26,-1.1734756187607083,0.0,1.0,neutral,1
TNI,2022-10-27,1.314867272987704,,0.0,no_news,0
TNI,2022-10-28,1.6505696920003714,,0.0,no_news,0
TNI,2022-10-31,6.610214081743185,,0.0,no_news,0
VCB,2022-10-03,-0.8033101971424625,,0.0,no_news,0
VCB,2022-10-04,1.4819179788951697,,0.0,no_news,0
VCB,2022-10-05,-1.4070591706131248,,0.0,no_news,0
VCB,2022-10-06,-0.12146463973191457,,0.0,no_news,0
VCB,2022-10-07,-2.483326408243553,,0.0,no_news,0
VCB,2022-10-10,-2.886677711840164,,0.0,no_news,0
VCB,2022-10-11,-2.4643022387039926,,0.0,no_news,0
VCB,2022-10-12,1.2181423552875432,,0.0,no_news,0
VCB,2022-10-13,2.7135734037537764,,0.0,no_news,0
VCB,2022-10-14,1.6279187772725066,0.0,1.0,neutral,1
VCB,2022-10-17,-2.0265544877129535,0.0,1.0,neutral,1
VCB,2022-10-18,1.2655168042403426,,0.0,no_news,0
VCB,2022-10-19,0.4921998820541084,,0.0,no_news,0
VCB,2022-10-20,1.9812002770897783,,0.0,no_news,0
VCB,2022-10-21,0.7840623271293732,,0.0,no_news,0
VCB,2022-10-24,2.2844310286073544,,0.0,no_news,0
VCB,2022-10-25,1.918532077620838,,0.0,no_news,0
VCB,2022-10-26,0.42273936564005976,,0.0,no_news,0
VCB,2022-10-27,-0.020667267781031118,,0.0,no_news,0
VCB,2022-10-28,-0.1129637370296517,,0.0,no_news,0
VCB,2022-10-31,2.5462403200337884,,0.0,no_news,0
VIC,2022-10-03,3.1017469314068484,,0.0,no_news,0
VIC,2022-10-04,3.3001399851979096,0.0,1.0,neutral,1
VIC,2022-10-05,4.287887887468234,0.0,1.0,neutral,1
VIC,2022-10-06,1.715874093683196,,0.0,no_news,0
VIC,2022-10-07,2.1491725481942985,,0.0,no_news,0
VIC,2022-10-10,-0.019500824295216268,0.0,1.0,neutral,1
VIC,2022-10-11,1.5954509018648073,,0.0,no_news,0
VIC,2022-10-12,-1.0326917415282348,0.0,1.0,neutral,1
VIC,2022-10-13,0.2160387242018842,0.0,1.0,neutral,1
VIC,2022-10-14,-1.3698799615985253,,0.0,no_news,0
VIC,2022-10-17,-5.669070586098334,,0.0,no_news,0
VIC,2022-10-18,3.9389682273909785,,0.0,no_news,0
VIC,2022-10-19,0.6043221416238942,,0.0,no_news,0
VIC,2022-10-20,0.5176416594336473,,0.0,no_news,0
VIC,2022-10-21,-1.1095897145931737,,0.0,no_news,0
VIC,2022-10-24,1.3124032396607817,,0.0,no_news,0
VIC,2022-10-25,-0.9783000845301429,,0.0,no_news,0
VIC,2022-10-26,-1.865663388115479,,0.0,no_news,0
VIC,2022-10-27,-0.9600148791475391,,0.0,no_news,0
VIC,2022-10-28,1.5696959644428954,,0.0,no_news,0
VIC,2022-10-31,-0.2909010598239681,,0.0,no_news,0
VIX,2022-10-03,0.05062148684870227,,0.0,no_news,0
VIX,2022-10-04,-4.1588283269046205,,0.0,no_news,0
VIX,2022-10-05,2.3592699013654252,,0.0,no_news,0
VIX,2022-10-06,-2.406997146451287,,0.0,no_news,0
VIX,2022-10-07,-0.8666637418889636,,0.0,no_news,0
VIX,2022-10-10,0.7735428586529733,,0.0,no_news,0
VIX,2022-10-11,-0.9930585100909415,,0.0,no_news,0
VIX,2022-10-12,-4.396761932099353,,0.0,no_news,0
VIX,2022-10-13,-5.209610425519061,,0.0,no_news,0
VIX,2022-10-14,4.84038887650499,,0.0,no_news,0
VIX,2022-10-17,6.3507227538747495,,0.0,no_news,0
VIX,2022-10-18,-2.2145088762817124,,0.0,no_news,0
VIX,2022-10-19,-1.697796659258458,,0.0,no_news,0
VIX,2022-10-20,-3.514545688136092,0.0,1.0,neutral,1
VIX,2022-10-21,-0.7505766581540865,,0.0,no_news,0
VIX,2022-10-24,-1.3900321122441373,1.0,1.0,positive,1
VIX,2022-10-25,-4.001020775992488,,0.0,no_news,0
VIX,2022-10-26,-3.893273061812952,,0.0,no_news,0
VIX,2022-10-27,0.6542242388168251,,0.0,no_news,0
VIX,2022-10-28,6.870736012209398,,0.0,no_news,0
VIX,2022-10-31,4.003873246058777,,0.0,no_news,0
VND,2022-10-03,-0.06551316409653651,0.0,1.0,neutral,1
VND,2022-10-04,-4.195378733049139,-1.0,1.0,negative,1
VND,2022-10-05,2.5458352750255195,,0.0,no_news,0
VND,2022-10-06,-2.2050866029729503,,0.0,no_news,0
VND,2022-10-07,-0.8320065303634498,0.0,2.0,neutral,1
VND,2022-10-10,1.9403473832214777,0.0,1.0,neutral,1
VND,2022-10-11,-0.9870297224532196,,0.0,no_news,0
VND,2022-10-12,-2.2539850020202423,,0.0,no_news,0
VND,2022-10-13,-2.713586888978136,0.0,1.0,neutral,1
VND,2022-10-14,2.743233420266878,0.0,1.0,neutral,1
VND,2022-10-17,1.8286717119006508,-1.0,1.0,negative,1
VND,2022-10-18,-0.987881470407625,0.0,2.0,neutral,1
VND,2022-10-19,0.4346959115889994,,0.0,no_news,0
VND,2022-10-20,-2.31893527931987,-1.0,1.0,negative,1
VND,2022-10-21,-0.5754516337000801,,0.0,no_news,0
VND,2022-10-24,-1.2858329115919602,,0.0,no_news,0
VND,2022-10-25,-8.881092558524342,,0.0,no_news,0
VND,2022-10-26,-6.193483893915576,,0.0,no_news,0
VND,2022-10-27,0.7895914419662935,0.0,1.0,neutral,1
VND,2022-10-28,3.3628682505992398,,0.0,no_news,0
VND,2022-10-31,-1.4932279618525477,0.0,2.0,neutral,1
VNM,2022-10-03,0.737380013366757,,0.0,no_news,0
VNM,2022-10-04,0.22195057616845348,,0.0,no_news,0
VNM,2022-10-05,-0.719067121139575,,0.0,no_news,0
VNM,2022-10-06,-0.6137838606502157,,0.0,no_news,0
VNM,2022-10-07,1.9653906350415693,,0.0,no_news,0
VNM,2022-10-10,0.44646465433683546,0.0,1.0,neutral,1
VNM,2022-10-11,1.74864204091818,,0.0,no_news,0
VNM,2022-10-12,0.004824648605399329,,0.0,no_news,0
VNM,2022-10-13,1.8734074016303124,,0.0,no_news,0
VNM,2022-10-14,-0.5386524492969176,,0.0,no_news,0
VNM,2022-10-17,0.6315881377736742,,0.0,no_news,0
VNM,2022-10-18,2.3017443959993047,,0.0,no_news,0
VNM,2022-10-19,0.2133711990811612,,0.0,no_news,0
VNM,2022-10-20,1.1292675704853814,,0.0,no_news,0
VNM,2022-10-21,1.6427138864254065,,0.0,no_news,0
VNM,2022-10-24,-1.9173243765066719,,0.0,no_news,0
VNM,2022-10-25,1.766881849057671,,0.0,no_news,0
VNM,2022-10-26,0.14671911813357683,,0.0,no_news,0
VNM,2022-10-27,0.8579055045198047,,0.0,no_news,0
VNM,2022-10-28,-0.7351903250177396,,0.0,no_news,0
VNM,2022-10-31,0.46380816177104434,,0.0,no_news,0
VPB,2022-10-03,-0.23111032788804753,,0.0,no_news,0
VPB,2022-10-04,-0.1757578219472007,0.0,1.0,neutral,1
VPB,2022-10-05,-1.8582349883307,,0.0,no_news,0
VPB,2022-10-06,0.5934024679948462,,0.0,no_news,0
VPB,2022-10-07,-2.3385969082914997,,0.0,no_news,0
VPB,2022-10-10,-0.7794256917763523,,0.0,no_news,0
VPB,2022-10-11,4.692560168338653,,0.0,no_news,0
VPB,2022-10-12,0.5014355415970377,,0.0,no_news,0
VPB,2022-10-13,-1.9844255712690821,,0.0,no_news,0
VPB,2022-10-14,-0.3639920433219408,,0.0,no_news,0
VPB,2022-10-17,0.09984185984012495,,0.0,no_news,0
VPB,2022-10-18,-1.4479286361938812,,0.0,no_news,0
VPB,2022-10-19,0.49249953954019726,,0.0,no_news,0
VPB,2022-10-20,0.24979893517538931,,0.0,no_news,0
VPB,2022-10-21,2.355917010554426,,0.0,no_news,0
VPB,2022-10-24,3.479706803425974,,0.0,no_news,0
VPB,2022-10-25,-1.102658540826462,,0.0,no_news,0
VPB,2022-10-26,1.216912201728266,,0.0,no_news,0
VPB,2022-10-27,1.818103059305769,,0.0,no_news,0
VPB,2022-10-28,-1.1318302420617314,,0.0,no_news,0
VPB,2022-10-31,-0.02466180897085969,,0.0,no_news,0
VPS,2022-10-03,3.071991091449156,,0.0,no_news,0
VPS,2022-10-04,-0.9859020729455864,,0.0,no_news,0
VPS,2022-10-05,-2.571291757138621,,0.0,no_news,0
VPS,2022-10-06,-5.365859169881195,0.0,2.0,neutral,1
VPS,2022-10-07,2.24259464504993,,0.0,no_news,0
VPS,2022-10-10,-1.861329843163031,,0.0,no_news,0
VPS,2022-10-11,2.6628273382402208,,0.0,no_news,0
VPS,2022-10-12,-3.71956094917413,,0.0,no_news,0
VPS,2022-10-13,1.5050677121078544,,0.0,no_news,0
VPS,2022-10-14,6.306417376687931,,0.0,no_news,0
VPS,2022-10-17,-1.8255760045909148,,0.0,no_news,0
VPS,2022-10-18,-2.799374807431348,,0.0,no_news,0
VPS,2022-10-19,1.4488258901299145,,0.0,no_news,0
VPS,2022-10-20,-1.2085469435866167,,0.0,no_news,0
VPS,2022-10-21,0.925785870400113,,0.0,no_news,0
VPS,2022-10-24,0.40254989116116063,1.0,1.0,positive,1
VPS,2022-10-25,-5.174141554572311,,0.0,no_news,0
VPS,2022-10-26,-1.704889782903367,,0.0,no_news,0
VPS,2022-10-27,0.6728525071350235,,0.0,no_news,0
VPS,2022-10-28,0.5418904588078481,0.0,2.0,neutral,1
VPS,2022-10-31,-0.880155923514829,,0.0,no_news,0
VRE,2022-10-03,-2.6780617268324436,,0.0,no_news,0
VRE,2022-10-04,2.9866016133247153,,0.0,no_news,0
VRE,2022-10-05,-1.5821911297922928,,0.0,no_news,0
VRE,2022-10-06,0.9348496420541899,,0.0,no_news,0
VRE,2022-10-07,1.9412419472877565,,0.0,no_news,0
VRE,2022-10-10,-3.135460931217634,,0.0,no_news,0
VRE,2022-10-11,-3.4301061556769317,,0.0,no_news,0
VRE,2022-10-12,-0.8489320847887294,,0.0,no_news,0
VRE,2022-10-13,3.824971575168288,,0.0,no_news,0
VRE,2022-10-14,-2.7749855195912936,,0.0,no_news,0
VRE,2022-10-17,-0.2653016257014821,,0.0,no_news,0
VRE,2022-10-18,2.204456007470781,,0.0,no_news,0
VRE,2022-10-19,-2.1059224432515267,,0.0,no_news,0
VRE,2022-10-20,-0.36254457156374387,,0.0,no_news,0
VRE,2022-10-21,-0.5734144527426053,,0.0,no_news,0
VRE,2022-10-24,-3.64363510421786,,0.0,no_news,0
VRE,2022-10-25,1.5044690064729225,,0.0,no_news,0
VRE,2022-10-26,-3.173734856479153,,0.0,no_news,0
VRE,2022-10-27,2.9446968328902487,0.0,1.0,neutral,1
VRE,2022-10-28,-0.2658791474028439,,0.0,no_news,0
VRE,2022-10-31,3.5534360876241027,,0.0,no_news,0
VVS,2022-10-07,,,0.0,no_news,0
VVS,2022-10-10,11.829380658883384,0.0,1.0,neutral,1
VVS,2022-10-11,-0.8826624684909459,,0.0,no_news,0
VVS,2022-10-12,1.6211279553248237,,0.0,no_news,0
VVS,2022-10-13,-15.546326906067085,,0.0,no_news,0
VVS,2022-10-14,14.301184931435905,,0.0,no_news,0
VVS,2022-10-17,-14.78741491665272,,0.0,no_news,0
VVS,2022-10-18,12.38320500097836,,0.0,no_news,0
VVS,2022-10-19,-5.475252783908808,,0.0,no_news,0
VVS,2022-10-20,4.677889872560893,,0.0,no_news,0
VVS,2022-10-21,-1.2870105397389358,,0.0,no_news,0
VVS,2022-10-24,1.4956464660037672,,0.0,no_news,0
VVS,2022-10-25,-9.155070843583427,,0.0,no_news,0
VVS,2022-10-26,-3.1680442672322133,,0.0,no_news,0
VVS,2022-10-27,-2.8797545200898393,,0.0,no_news,0
VVS,2022-10-28,-0.4857002736253105,,0.0,no_news,0
VVS,2022-10-31,-12.652296076016732,,0.0,no_news,0
