ticker,target_date,label,sentiment_score,negative_share,positive_share,neutral_share,article_count,return,market_return,expected_return,abnormal_return,event_rows,log_article_count
ACB,2022-10-03,neutral,0.0,0.0,0.0,1.0,2,-2.801810024957088,-4.117685220911394,-3.855784750266103,1.0539747253090148,2,1.0986122886681098
ACB,2022-10-17,neutral,0.0,0.0,0.0,1.0,1,0.47371002842692955,-0.971887485170393,-0.8880491121239644,1.361759140550894,1,0.6931471805599453
ACB,2022-10-24,neutral,0.0,0.0,0.0,1.0,1,-4.564284284487116,-3.3572947267802746,-3.1384347621538264,-1.4258495223332899,1,0.6931471805599453
ACB,2022-10-25,negative,-1.0,1.0,0.0,0.0,1,4.564284284487114,1.1644157069949188,1.1273325652273956,3.436951719259718,1,0.6931471805599453
AMD,2022-10-19,neutral,0.0,0.0,0.0,1.0,1,-7.031649841745984,-0.3380847301222812,-1.186501872203094,-5.845147969542889,1,0.6931471805599453
BID,2022-10-13,negative,-1.0,1.0,0.0,0.0,1,6.349835216931064,1.5514742115514746,2.334950236972699,4.0148849799583655,1,0.6931471805599453
BID,2022-10-21,neutral,0.0,0.0,0.0,1.0,1,-1.6769031058468862,-3.7179432686273985,-5.1014709284708255,3.4245678226239393,1,0.6931471805599453
BID,2022-10-25,neutral,0.0,0.0,0.0,1.0,1,3.0935284618194703,1.1644157069949188,1.788717173000022,1.3048112888194483,1,0.6931471805599453
BID,2022-10-26,neutral,0.0,0.0,0.0,1.0,1,1.2769149616534505,-0.4359493810874788,-0.46978461741967503,1.7466995790731255,1,0.6931471805599453
BID,2022-10-28,neutral,0.0,0.0,0.0,1.0,1,-0.3081666537408112,-0.0632489548518375,0.056185729104181056,-0.3643523828449923,1,0.6931471805599453
BID,2022-10-31,neutral,0.0,0.0,0.0,1.0,1,2.223767240788903,0.056439450727031965,0.22509498631389457,1.9986722544750086,1,0.6931471805599453
CEN,2022-10-14,neutral,0.0,0.0,0.0,1.0,1,8.70113769896297,1.028009280448136,0.9089462560708221,7.792191442892149,1,0.6931471805599453
CTG,2022-10-06,neutral,0.0,0.0,0.0,1.0,1,-2.744074615495371,-2.7301377138083933,-3.831697114707695,1.087622499212324,1,0.6931471805599453
CTG,2022-10-26,neutral,0.0,0.0,0.0,1.0,1,-0.22132063626488957,-0.4359493810874788,-0.5313197791529366,0.30999914288804703,1,0.6931471805599453
DGC,2022-10-17,neutral,0.0,0.0,0.0,1.0,1,4.060293841437455,-0.971887485170393,-1.6190983353860795,5.679392176823535,1,0.6931471805599453
DGC,2022-10-20,positive,1.0,0.0,1.0,0.0,1,-3.7500703579020014,-0.15293698579774198,-0.3127245641013483,-3.4373457938006533,1,0.6931471805599453
DGC,2022-10-26,positive,1.0,0.0,1.0,0.0,1,1.7171823755190663,-0.4359493810874788,-0.7641803852263113,2.4813627607453776,1,0.6931471805599453
DIG,2022-10-05,neutral,0.0,0.0,0.0,1.0,1,5.587113625390667,2.393809318952159,4.0166752191432895,1.5704384062473773,1,0.6931471805599453
DIG,2022-10-17,neutral,0.0,0.0,0.0,1.0,1,-4.20288131913882,-0.971887485170393,-1.9158444369536294,-2.2870368821851903,1,0.6931471805599453
DIG,2022-10-18,neutral,0.0,0.0,0.0,1.0,1,6.7041282841470915,1.1421995926185295,1.8105349351636353,4.893593348983456,1,0.6931471805599453
DNP,2022-10-31,positive,1.0,0.0,1.0,0.0,1,0.0,0.056439450727031965,0.04798239088811616,-0.04798239088811616,1,0.6931471805599453
DXG,2022-10-17,neutral,0.0,0.0,0.0,1.0,1,-4.271435329724788,-0.971887485170393,-1.8881208474641284,-2.38331448226066,1,0.6931471805599453
DXG,2022-10-25,neutral,0.0,0.0,0.0,1.0,1,-7.110703717928699,1.1644157069949188,1.766793916655105,-8.877497634583804,1,0.6931471805599453
EIB,2022-10-05,neutral,0.0,0.0,0.0,1.0,1,6.728687164185115,2.393809318952159,0.5251638764134032,6.203523287771712,1,0.6931471805599453
EIB,2022-10-06,neutral,0.0,0.0,0.0,1.0,1,6.137948617192566,-2.7301377138083933,-0.23454419933774268,6.3724928165303085,1,0.6931471805599453
EIB,2022-10-07,neutral,0.0,0.0,0.0,1.0,1,0.6639028534809085,-3.659378275894115,-0.37231915189257464,1.0362220053734832,1,0.6931471805599453
EIB,2022-10-31,neutral,0.0,0.0,0.0,1.0,1,-6.284790365966364,0.056439450727031965,0.17861096445807736,-6.463401330424442,1,0.6931471805599453
FLC,2022-10-03,neutral,0.0,0.0,0.0,1.0,1,,,,,1,0.6931471805599453
FLC,2022-10-05,neutral,0.0,0.0,0.0,1.0,1,,,,,1,0.6931471805599453
FLC,2022-10-06,neutral,0.0,0.0,0.0,1.0,3,,,,,3,1.3862943611198906
FLC,2022-10-13,neutral,0.0,0.0,0.0,1.0,2,,,,,2,1.0986122886681098
FLC,2022-10-17,neutral,0.0,0.0,0.0,1.0,1,,,,,1,0.6931471805599453
FLC,2022-10-19,neutral,0.0,0.0,0.0,1.0,2,,,,,2,1.0986122886681098
FLC,2022-10-20,neutral,0.0,0.0,0.0,1.0,1,,,,,1,0.6931471805599453
FLC,2022-10-21,neutral,0.0,0.0,0.0,1.0,1,,,,,1,0.6931471805599453
FLC,2022-10-24,neutral,0.0,0.0,0.0,1.0,2,,,,,2,1.0986122886681098
FLC,2022-10-25,neutral,0.0,0.0,0.0,1.0,1,,,,,1,0.6931471805599453
FLC,2022-10-27,neutral,0.0,0.0,0.0,1.0,1,,,,,1,0.6931471805599453
FLC,2022-10-31,neutral,0.0,0.0,0.0,1.0,2,,,,,2,1.0986122886681098
FTS,2022-10-06,neutral,0.0,0.0,0.0,1.0,1,-6.272467211770991,-2.7301377138083933,-4.899004978323702,-1.373462233447289,1,0.6931471805599453
FTS,2022-10-21,neutral,0.0,0.0,0.0,1.0,1,-7.145896398214497,-3.7179432686273985,-6.738638223145144,-0.40725817506935336,1,0.6931471805599453
GAS,2022-10-05,neutral,0.0,0.0,0.0,1.0,1,0.9389740349838918,2.393809318952159,2.9029943998254653,-1.9640203648415735,1,0.6931471805599453
GAS,2022-10-12,neutral,0.0,0.0,0.0,1.0,1,0.8433129412522969,2.803697591109357,3.360803477848418,-2.517490536596121,1,0.6931471805599453
GAS,2022-10-24,neutral,0.0,0.0,0.0,1.0,1,0.0,-3.3572947267802746,-3.520481995178785,3.520481995178785,1,0.6931471805599453
GEX,2022-10-17,neutral,0.0,0.0,0.0,1.0,1,0.9409374178927146,-0.971887485170393,-1.7761305676129873,2.717067985505702,1,0.6931471805599453
GEX,2022-10-27,neutral,0.0,0.0,0.0,1.5,2,6.4873585640622204,3.4287037485669907,6.043968154017509,0.443390410044711,3,1.0986122886681098
GEX,2022-10-31,neutral,0.5,0.0,0.0,1.0,2,4.573600932268429,0.056439450727031965,0.05126437313455008,4.522336559133879,2,1.0986122886681098
HAG,2022-10-10,neutral,0.0,0.0,0.0,1.0,1,3.203935374461666,0.6322222377736505,1.1666353607364846,2.0373000137251815,1,0.6931471805599453
HAG,2022-10-13,neutral,0.0,0.0,0.0,1.0,1,2.765153133050995,1.5514742115514746,2.1917932519431726,0.5733598811078222,1,0.6931471805599453
HAG,2022-10-17,negative,-1.0,1.0,0.0,0.0,1,-6.0500251441297825,-0.971887485170393,-0.6222819195596304,-5.427743224570152,1,0.6931471805599453
HAG,2022-10-25,positive,1.0,0.0,1.0,0.0,1,2.239735281302537,1.1644157069949188,1.760142201280631,0.4795930800219059,1,0.6931471805599453
HAG,2022-10-27,positive,0.5,0.0,0.5,0.5,2,6.669137449867235,3.4287037485669907,4.285296152534018,2.383841297333217,2,1.0986122886681098
HAG,2022-10-28,neutral,0.0,0.0,0.0,1.0,1,-2.173998663640599,-0.0632489548518375,0.3910397660956788,-2.565038429736278,1,0.6931471805599453
HAG,2022-10-31,neutral,0.0,0.0,0.0,1.0,1,-4.955969094846051,0.056439450727031965,0.5245173293375285,-5.480486424183579,1,0.6931471805599453
HBC,2022-10-28,neutral,0.0,0.0,0.0,1.0,1,0.0,-0.0632489548518375,-0.08340891937141866,0.08340891937141866,1,0.6931471805599453
HCM,2022-10-04,neutral,0.0,0.0,0.0,1.0,1,-6.8245207900720954,-0.766896181146886,-1.0542115726926955,-5.7703092173794,1,0.6931471805599453
HCM,2022-10-06,neutral,0.0,0.0,0.0,1.0,1,-7.213331296345067,-2.7301377138083933,-4.354348722902234,-2.858982573442833,1,0.6931471805599453
HCM,2022-10-21,positive,1.0,0.0,1.0,0.0,1,-7.300705461133486,-3.7179432686273985,-6.014813701056096,-1.2858917600773898,1,0.6931471805599453
HCM,2022-10-25,neutral,0.0,0.0,0.0,1.0,1,3.656466909516499,1.1644157069949188,2.1922530138921292,1.4642138956243698,1,0.6931471805599453
HCM,2022-10-31,neutral,0.0,0.0,0.0,1.0,1,6.61696528052891,0.056439450727031965,0.329785485557617,6.287179794971292,1,0.6931471805599453
HDB,2022-10-06,neutral,0.0,0.0,0.0,1.0,1,-1.8192047987278113,-2.7301377138083933,-2.8831187129676583,1.063913914239847,1,0.6931471805599453
HDC,2022-10-26,neutral,0.0,0.0,0.0,1.0,1,-6.548863997389143,-0.4359493810874788,-0.7720971948580713,-5.776766802531071,1,0.6931471805599453
HPG,2022-10-05,neutral,0.0,0.0,0.0,1.0,1,1.789234818433529,2.393809318952159,2.3113419013347647,-0.5221070829012358,1,0.6931471805599453
HPG,2022-10-06,neutral,0.0,0.0,0.0,1.0,1,-6.448712179033163,-2.7301377138083933,-3.084949662955206,-3.363762516077957,1,0.6931471805599453
HPG,2022-10-24,neutral,0.0,0.0,0.0,1.0,4,-3.022452290872639,-3.3572947267802746,-3.745440896948727,0.7229886060760884,4,1.6094379124341003
HPG,2022-10-26,neutral,0.0,0.0,0.0,1.0,1,-1.131923273993843,-0.4359493810874788,-0.6688221995757692,-0.4631010744180738,1,0.6931471805599453
HSG,2022-10-31,neutral,0.0,0.0,0.0,1.0,1,-7.188722951331592,0.056439450727031965,-0.042653407683767214,-7.146069543647824,1,0.6931471805599453
ICT,2022-10-17,neutral,0.0,0.0,0.0,1.0,1,1.80467824470735,-0.971887485170393,-0.2981719543500589,2.102850199057409,1,0.6931471805599453
ITA,2022-10-03,neutral,0.0,0.0,0.0,1.0,2,-7.1743904858841425,-4.117685220911394,-6.806985160714756,-0.3674053251693863,2,1.0986122886681098
ITA,2022-10-07,neutral,0.0,0.0,0.0,1.0,3,-7.121262822526423,-3.659378275894115,-6.113392612926644,-1.007870209599779,3,1.3862943611198906
ITA,2022-10-10,neutral,0.0,0.0,0.0,1.0,2,0.0,0.6322222377736505,0.3814296164231096,-0.3814296164231096,2,1.0986122886681098
ITA,2022-10-13,neutral,0.0,0.0,0.0,1.0,1,1.4670189747793838,1.5514742115514746,1.7726071350788093,-0.3055881602994255,1,0.6931471805599453
ITA,2022-10-17,neutral,0.2,0.0,0.0,1.0,5,0.0,-0.971887485170393,-2.0461978977671804,2.0461978977671804,5,1.791759469228055
ITA,2022-10-18,neutral,0.0,0.0,0.0,1.0,1,3.0129741452029237,1.1421995926185295,1.1532191271575942,1.8597550180453295,1,0.6931471805599453
ITA,2022-10-24,neutral,0.0,0.0,0.0,1.0,1,-4.89158002020114,-3.3572947267802746,-5.656225422351243,0.7646454021501032,1,0.6931471805599453
ITA,2022-10-26,neutral,0.0,0.0,0.0,1.0,1,-3.7944931564123365,-0.4359493810874788,-1.235119909294663,-2.5593732471176738,1,0.6931471805599453
ITA,2022-10-27,positive,0.5,0.0,0.5,0.5,2,5.899834076195576,3.4287037485669907,4.613568703559083,1.2862653726364934,2,1.0986122886681098
ITA,2022-10-31,neutral,0.0,0.0,0.0,1.0,2,-5.236798551731592,0.056439450727031965,-0.48994851690443136,-4.746850034827161,2,1.0986122886681098
KBC,2022-10-17,neutral,0.0,0.0,0.0,1.0,1,-0.2209945650802733,-0.971887485170393,-1.2172832705602659,0.9962887054799926,1,0.6931471805599453
LHG,2022-10-04,neutral,0.0,0.0,0.0,1.0,1,-3.715425964725088,-0.766896181146886,-1.372360339908755,-2.343065624816333,1,0.6931471805599453
LHG,2022-10-19,neutral,0.0,0.0,0.0,1.0,1,-7.022667793587988,-0.3380847301222812,-0.6902240420297863,-6.332443751558202,1,0.6931471805599453
LPB,2022-10-11,neutral,0.0,0.0,0.0,1.0,1,-7.246630325282097,-3.5421630779432305,-5.129950092431327,-2.1166802328507703,1,0.6931471805599453
LPB,2022-10-21,neutral,0.0,0.0,0.0,1.0,1,-6.820825002653369,-3.7179432686273985,-5.383997787081209,-1.4368272155721602,1,0.6931471805599453
LPB,2022-10-25,neutral,0.0,0.0,0.0,1.0,1,6.716664354384072,1.1644157069949188,1.6722696875548015,5.0443946668292705,1,0.6931471805599453
LPB,2022-10-26,neutral,0.0,0.0,0.0,1.0,1,3.481976515922791,-0.4359493810874788,-0.6406704659576579,4.1226469818804485,1,0.6931471805599453
MBS,2022-10-03,neutral,0.0,0.0,0.0,1.0,1,-10.30048019653672,-4.117685220911394,-8.802070429321706,-1.4984097672150138,1,0.6931471805599453
MBS,2022-10-06,neutral,0.0,0.0,0.0,1.0,1,-5.399930724940005,-2.7301377138083933,-5.79513854590148,0.3952078209614749,1,0.6931471805599453
MBS,2022-10-10,positive,1.0,0.0,1.0,0.0,1,5.844956960356854,0.6322222377736505,1.4913776203495526,4.353579340007302,1,0.6931471805599453
MBS,2022-10-21,positive,1.0,0.0,1.0,0.0,1,-9.964312389553028,-3.7179432686273985,-7.935796074526468,-2.0285163150265593,1,0.6931471805599453
MBS,2022-10-24,neutral,0.0,0.0,0.0,1.0,1,-10.211292712707733,-3.3572947267802746,-7.154240420656788,-3.057052292050945,1,0.6931471805599453
MBS,2022-10-31,neutral,0.0,0.0,0.0,1.0,1,2.99470763679521,0.056439450727031965,0.24360800422316614,2.7510996325720436,1,0.6931471805599453
MSH,2022-10-21,neutral,0.0,0.0,0.0,1.0,1,-5.6045335050603855,-3.7179432686273985,-4.938907870881086,-0.6656256341792997,1,0.6931471805599453
MWG,2022-10-17,neutral,0.0,0.0,0.0,1.0,1,-1.694357512652941,-0.971887485170393,-1.1347736100754473,-0.5595839025774938,1,0.6931471805599453
MWG,2022-10-31,neutral,0.0,0.0,0.0,1.0,1,-3.0611572958986955,0.056439450727031965,0.13272806787391694,-3.1938853637726123,1,0.6931471805599453
NKG,2022-10-31,neutral,0.0,0.0,0.0,1.0,1,-7.142300634024338,0.056439450727031965,-0.08243641904553209,-7.059864214978806,1,0.6931471805599453
NVL,2022-10-07,neutral,0.0,0.0,0.0,1.0,1,-1.5096660890170357,-3.659378275894115,-1.418849319876848,-0.09081676914018777,1,0.6931471805599453
NVL,2022-10-12,neutral,0.0,0.0,0.0,1.0,1,1.3215112390739183,2.803697591109357,1.3004504860280135,0.021060753045904823,1,0.6931471805599453
OCB,2022-10-03,negative,-1.0,1.0,0.0,0.0,1,-6.361444899419298,-4.117685220911394,-4.964709639703547,-1.3967352597157507,1,0.6931471805599453
OCB,2022-10-17,neutral,0.0,0.0,0.0,1.0,2,0.7067167223092353,-0.971887485170393,-1.3227291533873642,2.0294458756965996,2,1.0986122886681098
OCB,2022-10-19,neutral,0.0,0.0,0.0,1.0,1,0.0,-0.3380847301222812,-0.58895748083737,0.58895748083737,1,0.6931471805599453
OCB,2022-10-28,neutral,0.0,0.0,0.0,1.0,1,-1.9452425926815404,-0.0632489548518375,-0.2707722017571941,-1.6744703909243464,1,0.6931471805599453
OCB,2022-10-31,neutral,0.0,0.0,0.0,1.0,2,0.0,0.056439450727031965,-0.13220549334996665,0.13220549334996665,2,1.0986122886681098
PNJ,2022-10-25,neutral,0.0,0.0,0.0,1.0,1,0.10735374085241853,1.1644157069949188,1.600065155175197,-1.4927114143227784,1,0.6931471805599453
POW,2022-10-11,neutral,0.0,0.0,0.0,1.0,1,-7.056396371899251,-3.5421630779432305,-4.612693238531951,-2.4437031333673005,1,0.6931471805599453
POW,2022-10-28,neutral,0.0,0.0,0.0,1.0,1,-0.4656585829950861,-0.0632489548518375,0.014520915055391187,-0.4801794980504773,1,0.6931471805599453
POW,2022-10-31,neutral,0.0,0.0,0.0,1.0,1,0.0,0.056439450727031965,0.17371538342091503,-0.17371538342091503,1,0.6931471805599453
PVD,2022-10-17,positive,1.0,0.0,1.0,0.0,1,6.729363573399176,-0.971887485170393,-1.349452430550281,8.078816003949457,1,0.6931471805599453
REE,2022-10-10,neutral,0.0,0.0,0.0,1.0,1,3.4812068203758533,0.6322222377736505,1.4288212479247893,2.052385572451064,1,0.6931471805599453
REE,2022-10-17,positive,1.0,0.0,1.0,0.0,1,3.1726145738887204,-0.971887485170393,-1.316987072687497,4.489601646576217,1,0.6931471805599453
REE,2022-10-31,neutral,0.0,0.0,0.0,1.0,1,-1.0071522069749905,0.056439450727031965,0.44323457331980826,-1.4503867802947987,1,0.6931471805599453
SAB,2022-10-21,neutral,0.0,0.0,0.0,1.0,2,0.8912466736820859,-3.7179432686273985,-1.5089666522737524,2.4002133259558383,2,1.0986122886681098
SAB,2022-10-25,negative,-1.0,1.0,0.0,0.0,1,3.686384612468961,1.1644157069949188,0.7274777158945829,2.958906896574378,1,0.6931471805599453
SAB,2022-10-28,neutral,0.0,0.0,0.0,1.0,1,-0.9587252370834324,-0.0632489548518375,0.1651258419960642,-1.1238510790794967,1,0.6931471805599453
SHB,2022-10-03,neutral,0.0,0.0,0.0,1.0,1,-4.609110720026697,-4.117685220911394,-5.852260491955623,1.243149771928926,1,0.6931471805599453
SHB,2022-10-11,neutral,0.0,0.0,0.0,1.0,1,-7.097896945858088,-3.5421630779432305,-5.0404753736680314,-2.057421572190057,1,0.6931471805599453
SHB,2022-10-17,neutral,0.0,0.0,0.0,1.0,2,4.489531990789095,-0.971887485170393,-1.4150519184557653,5.9045839092448595,2,1.0986122886681098
SHB,2022-10-21,neutral,0.0,0.0,0.0,1.0,1,-5.675281659244937,-3.7179432686273985,-5.288416733754079,-0.38686492549085827,1,0.6931471805599453
SHB,2022-10-24,neutral,0.0,0.0,0.0,1.0,1,-3.5286855089716256,-3.3572947267802746,-4.779714987382158,1.251029478410532,1,0.6931471805599453
SHB,2022-10-26,neutral,0.0,0.0,0.0,1.0,1,-0.8904778342959722,-0.4359493810874788,-0.6591008529172796,-0.23137698137869256,1,0.6931471805599453
SHB,2022-10-28,negative,-1.0,1.0,0.0,0.0,1,-1.351371916672282,-0.0632489548518375,-0.1333996904265215,-1.2179722262457604,1,0.6931471805599453
SSI,2022-10-04,neutral,0.0,0.0,0.0,1.0,1,-3.5091319811270063,-0.766896181146886,-1.277916891136104,-2.2312150899909025,1,0.6931471805599453
SSI,2022-10-05,positive,0.5,0.0,0.5,0.5,2,4.618573517047307,2.393809318952159,3.546290945638782,1.072282571408525,2,1.0986122886681098
SSI,2022-10-10,neutral,0.0,0.0,0.0,1.0,1,3.501451784510205,0.6322222377736505,0.8575677469996005,2.6438840375106047,1,0.6931471805599453
SSI,2022-10-12,neutral,0.0,0.0,0.0,1.0,2,6.266031499415865,2.803697591109357,4.171906402276836,2.0941250971390293,2,1.0986122886681098
SSI,2022-10-19,neutral,0.0,0.0,0.0,1.0,1,-0.8438868645864595,-0.3380847301222812,-0.6234188487000455,-0.22046801588641396,1,0.6931471805599453
SSI,2022-10-21,negative,-1.0,1.0,0.0,0.0,1,-7.129967758486649,-3.7179432686273985,-5.7821215649562605,-1.3478461935303887,1,0.6931471805599453
SSI,2022-10-24,neutral,0.0,0.0,0.0,1.0,1,-7.056124029248634,-3.3572947267802746,-5.2316610674990285,-1.8244629617496058,1,0.6931471805599453
SSI,2022-10-28,neutral,0.0,0.0,0.0,1.0,1,0.3535654832307576,-0.0632489548518375,-0.2039350021840609,0.5575004854148184,1,0.6931471805599453
SSI,2022-10-31,neutral,0.0,0.0,0.0,1.0,1,2.4405627368140834,0.056439450727031965,-0.021253716582925533,2.461816453397009,1,0.6931471805599453
STB,2022-10-11,neutral,0.0,0.0,0.0,1.0,1,-7.004384373292644,-3.5421630779432305,-5.4199554549176865,-1.5844289183749574,1,0.6931471805599453
TCB,2022-10-21,neutral,0.0,0.0,0.0,1.0,1,-7.100342758016347,-3.7179432686273985,-4.4253021929154635,-2.6750405651008835,1,0.6931471805599453
TCB,2022-10-24,positive,1.0,0.0,1.0,0.0,1,-7.236783250347739,-3.3572947267802746,-4.000657530373007,-3.2361257199747318,1,0.6931471805599453
TCB,2022-10-25,neutral,0.0,0.0,0.0,1.0,1,0.0,1.1644157069949188,1.3234183453561614,-1.3234183453561614,1,0.6931471805599453
TCB,2022-10-28,neutral,0.0,0.0,0.0,1.0,1,6.589757827942424,-0.0632489548518375,-0.12209213244912359,6.711849960391548,1,0.6931471805599453
TCB,2022-10-31,neutral,0.5,0.0,0.0,1.0,2,0.7940050536614438,0.056439450727031965,0.018834661090577146,0.7751703925708666,2,1.0986122886681098
TGG,2022-10-10,neutral,0.0,0.0,0.0,1.0,1,0.2781642961876771,0.6322222377736505,-0.29514150129394134,0.5733057974816185,1,0.6931471805599453
TNI,2022-10-26,neutral,0.0,0.0,0.0,1.0,1,-1.9048194970694363,-0.4359493810874788,-0.7313438783087282,-1.1734756187607083,1,0.6931471805599453
VCB,2022-10-14,neutral,0.0,0.0,0.0,1.0,1,2.368706887129431,1.028009280448136,0.7407881098569241,1.6279187772725066,1,0.6931471805599453
VCB,2022-10-17,neutral,0.0,0.0,0.0,1.0,1,-2.665402991493169,-0.971887485170393,-0.6388485037802154,-2.0265544877129535,1,0.6931471805599453
VIC,2022-10-04,neutral,0.0,0.0,0.0,1.0,1,2.666824708216127,-0.766896181146886,-0.6333152769817825,3.3001399851979096,1,0.6931471805599453
VIC,2022-10-05,neutral,0.0,0.0,0.0,1.0,1,5.1293294387550485,2.393809318952159,0.8414415512868147,4.287887887468234,1,0.6931471805599453
VIC,2022-10-10,neutral,0.0,0.0,0.0,1.0,1,0.0,0.6322222377736505,0.019500824295216268,-0.019500824295216268,1,0.6931471805599453
VIC,2022-10-12,neutral,0.0,0.0,0.0,1.0,1,0.0,2.803697591109357,1.0326917415282348,-1.0326917415282348,1,0.6931471805599453
VIC,2022-10-13,neutral,0.0,0.0,0.0,1.0,1,0.6644542718668511,1.5514742115514746,0.44841554766496694,0.2160387242018842,1,0.6931471805599453
VIX,2022-10-20,neutral,0.0,0.0,0.0,1.0,1,-3.7919234862293725,-0.15293698579774198,-0.27737779809328017,-3.514545688136092,1,0.6931471805599453
VIX,2022-10-24,positive,1.0,0.0,1.0,0.0,1,-7.271034788708394,-3.3572947267802746,-5.881002676464257,-1.3900321122441373,1,0.6931471805599453
VND,2022-10-03,neutral,0.0,0.0,0.0,1.0,1,-7.10883975406361,-4.117685220911394,-7.043326589967074,-0.06551316409653651,1,0.6931471805599453
VND,2022-10-04,negative,-1.0,1.0,0.0,0.0,1,-5.684245094039147,-0.766896181146886,-1.4888663609900075,-4.195378733049139,1,0.6931471805599453
VND,2022-10-07,neutral,0.0,0.0,0.0,1.0,2,-7.115617223999025,-3.659378275894115,-6.283610693635575,-0.8320065303634498,2,1.0986122886681098
VND,2022-10-10,neutral,0.0,0.0,0.0,1.0,1,2.7707400150535193,0.6322222377736505,0.8303926318320417,1.9403473832214777,1,0.6931471805599453
VND,2022-10-13,neutral,0.0,0.0,0.0,1.0,1,-0.35938942545891706,1.5514742115514746,2.3541974635192187,-2.713586888978136,1,0.6931471805599453
VND,2022-10-14,neutral,0.0,0.0,0.0,1.0,1,4.229705370012166,1.028009280448136,1.4864719497452876,2.743233420266878,1,0.6931471805599453
VND,2022-10-17,negative,-1.0,1.0,0.0,0.0,1,0.0,-0.971887485170393,-1.8286717119006508,1.8286717119006508,1,0.6931471805599453
VND,2022-10-18,neutral,0.0,0.0,0.0,1.0,2,0.6878788946804272,1.1421995926185295,1.6757603650880522,-0.987881470407625,2,1.0986122886681098
VND,2022-10-20,negative,-1.0,1.0,0.0,0.0,1,-2.790067640254401,-0.15293698579774198,-0.47113236093453087,-2.31893527931987,1,0.6931471805599453
VND,2022-10-27,neutral,0.0,0.0,0.0,1.0,1,6.255592328582097,3.4287037485669907,5.466000886615803,0.7895914419662935,1,0.6931471805599453
VND,2022-10-31,neutral,0.0,0.0,0.0,1.0,2,-1.6172859245601072,0.056439450727031965,-0.12405796270755944,-1.4932279618525477,2,1.0986122886681098
VNM,2022-10-10,neutral,0.0,0.0,0.0,1.0,1,0.9971592595852209,0.6322222377736505,0.5506946052483854,0.44646465433683546,1,0.6931471805599453
VPB,2022-10-04,neutral,0.0,0.0,0.0,1.0,1,-1.2303641195356956,-0.766896181146886,-1.054606297588495,-0.1757578219472007,1,0.6931471805599453
VPS,2022-10-06,neutral,0.0,0.0,0.0,1.0,2,-6.062462181643474,-2.7301377138083933,-0.696603011762279,-5.365859169881195,2,1.0986122886681098
VPS,2022-10-24,positive,1.0,0.0,1.0,0.0,1,-0.43956114730379975,-3.3572947267802746,-0.8421110384649604,0.40254989116116063,1,0.6931471805599453
VPS,2022-10-28,neutral,0.0,0.0,0.0,1.0,2,0.4640379556502301,-0.0632489548518375,-0.0778525031576181,0.5418904588078481,2,1.0986122886681098
VRE,2022-10-27,neutral,0.0,0.0,0.0,1.0,1,6.762377549862331,3.4287037485669907,3.817680716972082,2.9446968328902487,1,0.6931471805599453
VVS,2022-10-10,neutral,0.0,0.0,0.0,1.0,1,12.461602896657034,0.6322222377736505,0.6322222377736505,11.829380658883384,1,0.6931471805599453
